time,price_A,price_B
2022-11-10 09:00:00,1215.89,9.91e-06
2022-11-10 09:05:00,1209.52,9.88e-06
2022-11-10 09:10:00,1213.24,9.89e-06
2022-11-10 09:15:00,1211.21,9.87e-06
2022-11-10 09:20:00,1210.65,9.92e-06
2022-11-10 09:25:00,1199.7,9.85e-06
2022-11-10 09:30:00,1202.09,9.88e-06
2022-11-10 09:35:00,1188.68,9.81e-06
2022-11-10 09:40:00,1190.92,9.83e-06
2022-11-10 09:45:00,1199.95,9.88e-06
2022-11-10 09:50:00,1201.28,9.84e-06
2022-11-10 09:55:00,1205.39,9.86e-06
2022-11-10 10:00:00,1198.66,9.83e-06
2022-11-10 10:05:00,1203.94,9.86e-06
2022-11-10 10:10:00,1203.92,9.87e-06
2022-11-10 10:15:00,1188.52,9.74e-06
2022-11-10 10:20:00,1191.68,9.77e-06
2022-11-10 10:25:00,1191.77,9.73e-06
2022-11-10 10:30:00,1193.19,9.74e-06
2022-11-10 10:35:00,1185.46,9.69e-06
2022-11-10 10:40:00,1186.98,9.75e-06
2022-11-10 10:45:00,1184.26,9.71e-06
2022-11-10 10:50:00,1179.01,9.65e-06
2022-11-10 10:55:00,1179.35,9.63e-06
2022-11-10 11:00:00,1181.0,9.62e-06
2022-11-10 11:05:00,1182.3,9.69e-06
2022-11-10 11:10:00,1185.77,9.69e-06
2022-11-10 11:15:00,1183.89,9.68e-06
2022-11-10 11:20:00,1178.9,9.63e-06
2022-11-10 11:25:00,1182.72,9.67e-06
2022-11-10 11:30:00,1189.35,9.73e-06
2022-11-10 11:35:00,1191.21,9.75e-06
2022-11-10 11:40:00,1194.14,9.76e-06
2022-11-10 11:45:00,1191.28,9.71e-06
2022-11-10 11:50:00,1189.86,9.71e-06
2022-11-10 11:55:00,1193.36,9.76e-06
2022-11-10 12:00:00,1187.05,9.69e-06
2022-11-10 12:05:00,1205.76,9.87e-06
2022-11-10 12:10:00,1196.81,9.8e-06
2022-11-10 12:15:00,1209.62,9.87e-06
2022-11-10 12:20:00,1219.09,9.84e-06
2022-11-10 12:25:00,1212.86,9.83e-06
2022-11-10 12:30:00,1208.26,9.81e-06
2022-11-10 12:35:00,1216.06,9.92e-06
2022-11-10 12:40:00,1210.16,9.85e-06
2022-11-10 12:45:00,1212.09,9.84e-06
2022-11-10 12:50:00,1217.28,9.86e-06
2022-11-10 12:55:00,1214.62,9.83e-06
2022-11-10 13:00:00,1214.99,9.86e-06
2022-11-10 13:05:00,1221.89,9.89e-06
2022-11-10 13:10:00,1217.46,9.88e-06
2022-11-10 13:15:00,1219.62,9.89e-06
2022-11-10 13:20:00,1210.16,9.84e-06
2022-11-10 13:25:00,1208.28,9.82e-06
2022-11-10 13:30:00,1203.59,9.83e-06
2022-11-10 13:35:00,1300.58,1.028e-05
2022-11-10 13:40:00,1271.46,1.017e-05
2022-11-10 13:45:00,1286.02,1.027e-05
2022-11-10 13:50:00,1294.49,1.03e-05
2022-11-10 13:55:00,1310.36,1.042e-05
2022-11-10 14:00:00,1300.08,1.038e-05
2022-11-10 14:05:00,1279.0,1.018e-05
2022-11-10 14:10:00,1286.45,1.027e-05
2022-11-10 14:15:00,1294.92,1.029e-05
2022-11-10 14:20:00,1283.72,1.017e-05
2022-11-10 14:25:00,1294.12,1.019e-05
2022-11-10 14:30:00,1301.89,1.024e-05
2022-11-10 14:35:00,1290.48,1.022e-05
2022-11-10 14:40:00,1289.99,1.016e-05
2022-11-10 14:45:00,1295.12,1.017e-05
2022-11-10 14:50:00,1301.27,1.025e-05
2022-11-10 14:55:00,1305.22,1.027e-05
2022-11-10 15:00:00,1324.2,1.033e-05
2022-11-10 15:05:00,1332.69,1.04e-05
2022-11-10 15:10:00,1343.85,1.049e-05
2022-11-10 15:15:00,1328.63,1.035e-05
2022-11-10 15:20:00,1332.63,1.035e-05
2022-11-10 15:25:00,1332.89,1.038e-05
2022-11-10 15:30:00,1323.39,1.029e-05
2022-11-10 15:35:00,1316.87,1.02e-05
2022-11-10 15:40:00,1311.31,1.02e-05
2022-11-10 15:45:00,1314.01,1.022e-05
2022-11-10 15:50:00,1308.82,1.017e-05
2022-11-10 15:55:00,1310.94,1.02e-05
2022-11-10 16:00:00,1321.64,1.025e-05
2022-11-10 16:05:00,1319.23,1.024e-05
2022-11-10 16:10:00,1332.2,1.031e-05
2022-11-10 16:15:00,1330.95,1.03e-05
2022-11-10 16:20:00,1331.51,1.031e-05
2022-11-10 16:25:00,1337.22,1.032e-05
2022-11-10 16:30:00,1345.87,1.037e-05
2022-11-10 16:35:00,1333.95,1.031e-05
2022-11-10 16:40:00,1333.64,1.032e-05
2022-11-10 16:45:00,1336.0,1.035e-05
2022-11-10 16:50:00,1327.61,1.028e-05
2022-11-10 16:55:00,1325.79,1.028e-05
2022-11-10 17:00:00,1321.28,1.025e-05
2022-11-10 17:05:00,1319.86,1.028e-05
2022-11-10 17:10:00,1311.45,1.02e-05
2022-11-10 17:15:00,1315.0,1.023e-05
2022-11-10 17:20:00,1315.1,1.02e-05
2022-11-10 17:25:00,1318.07,1.022e-05
2022-11-10 17:30:00,1314.29,1.018e-05
2022-11-10 17:35:00,1291.64,1.014e-05
2022-11-10 17:40:00,1256.8,9.97e-06
2022-11-10 17:45:00,1255.0,9.98e-06
2022-11-10 17:50:00,1259.74,1.002e-05
2022-11-10 17:55:00,1260.12,1.005e-05
2022-11-10 18:00:00,1259.12,1.004e-05
2022-11-10 18:05:00,1270.2,1.009e-05
2022-11-10 18:10:00,1270.78,1.011e-05
2022-11-10 18:15:00,1275.29,1.012e-05
2022-11-10 18:20:00,1276.68,1.008e-05
2022-11-10 18:25:00,1267.24,1.006e-05
2022-11-10 18:30:00,1253.49,1.001e-05
2022-11-10 18:35:00,1260.59,1.007e-05
2022-11-10 18:40:00,1261.27,1.008e-05
2022-11-10 18:45:00,1266.07,1.011e-05
2022-11-10 18:50:00,1269.04,1.012e-05
2022-11-10 18:55:00,1268.2,1.008e-05
2022-11-10 19:00:00,1273.83,1.012e-05
2022-11-10 19:05:00,1278.1,1.018e-05
2022-11-10 19:10:00,1278.1,1.016e-05
2022-11-10 19:15:00,1276.89,1.011e-05
2022-11-10 19:20:00,1268.85,1.005e-05
2022-11-10 19:25:00,1274.31,1.01e-05
2022-11-10 19:30:00,1277.36,1.012e-05
2022-11-10 19:35:00,1278.44,1.013e-05
2022-11-10 19:40:00,1274.64,1.008e-05
2022-11-10 19:45:00,1271.89,1.009e-05
2022-11-10 19:50:00,1289.88,1.018e-05
2022-11-10 19:55:00,1293.2,1.019e-05
2022-11-10 20:00:00,1292.3,1.018e-05
2022-11-10 20:05:00,1286.9,1.013e-05
2022-11-10 20:10:00,1286.61,1.012e-05
2022-11-10 20:15:00,1290.01,1.014e-05
2022-11-10 20:20:00,1290.81,1.014e-05
2022-11-10 20:25:00,1297.18,1.016e-05
2022-11-10 20:30:00,1300.22,1.019e-05
2022-11-10 20:35:00,1297.88,1.015e-05
2022-11-10 20:40:00,1296.81,1.019e-05
2022-11-10 20:45:00,1297.2,1.016e-05
2022-11-10 20:50:00,1300.84,1.02e-05
2022-11-10 20:55:00,1330.7,1.037e-05
2022-11-10 21:00:00,1334.57,1.034e-05
2022-11-10 21:05:00,1336.35,1.032e-05
2022-11-10 21:10:00,1330.17,1.028e-05
2022-11-10 21:15:00,1326.98,1.028e-05
2022-11-10 21:20:00,1325.61,1.028e-05
2022-11-10 21:25:00,1334.98,1.034e-05
2022-11-10 21:30:00,1332.36,1.029e-05
2022-11-10 21:35:00,1328.11,1.026e-05
2022-11-10 21:40:00,1328.43,1.026e-05
2022-11-10 21:45:00,1329.91,1.029e-05
2022-11-10 21:50:00,1324.02,1.024e-05
2022-11-10 21:55:00,1321.9,1.023e-05
2022-11-10 22:00:00,1325.44,1.025e-05
2022-11-10 22:05:00,1323.42,1.026e-05
2022-11-10 22:10:00,1315.02,1.022e-05
2022-11-10 22:15:00,1310.47,1.019e-05
2022-11-10 22:20:00,1314.75,1.021e-05
2022-11-10 22:25:00,1315.03,1.02e-05
2022-11-10 22:30:00,1314.94,1.021e-05
2022-11-10 22:35:00,1317.6,1.021e-05
2022-11-10 22:40:00,1324.45,1.027e-05
2022-11-10 22:45:00,1322.43,1.027e-05
2022-11-10 22:50:00,1328.87,1.028e-05
2022-11-10 22:55:00,1327.36,1.029e-05
2022-11-10 23:00:00,1324.14,1.025e-05
2022-11-10 23:05:00,1324.38,1.024e-05
2022-11-10 23:10:00,1325.96,1.027e-05
2022-11-10 23:15:00,1316.68,1.024e-05
2022-11-10 23:20:00,1297.99,1.016e-05
2022-11-10 23:25:00,1293.65,1.015e-05
2022-11-10 23:30:00,1296.99,1.014e-05
2022-11-10 23:35:00,1305.34,1.023e-05
2022-11-10 23:40:00,1303.36,1.025e-05
2022-11-10 23:45:00,1295.83,1.018e-05
2022-11-10 23:50:00,1299.5,1.019e-05
2022-11-10 23:55:00,1301.26,1.022e-05
2022-11-11 00:00:00,1299.28,1.021e-05
2022-11-11 00:05:00,1304.0,1.025e-05
2022-11-11 00:10:00,1303.08,1.028e-05
2022-11-11 00:15:00,1300.88,1.022e-05
2022-11-11 00:20:00,1289.12,1.007e-05
2022-11-11 00:25:00,1289.61,1.01e-05
2022-11-11 00:30:00,1287.14,1.01e-05
2022-11-11 00:35:00,1292.47,1.016e-05
2022-11-11 00:40:00,1288.74,1.014e-05
2022-11-11 00:45:00,1287.72,1.015e-05
2022-11-11 00:50:00,1294.83,1.021e-05
2022-11-11 00:55:00,1293.84,1.025e-05
2022-11-11 01:00:00,1296.7,1.026e-05
2022-11-11 01:05:00,1301.92,1.036e-05
2022-11-11 01:10:00,1306.01,1.042e-05
2022-11-11 01:15:00,1301.23,1.036e-05
2022-11-11 01:20:00,1306.34,1.035e-05
2022-11-11 01:25:00,1298.12,1.029e-05
2022-11-11 01:30:00,1292.37,1.026e-05
2022-11-11 01:35:00,1267.27,1.01e-05
2022-11-11 01:40:00,1269.88,1.008e-05
2022-11-11 01:45:00,1270.01,1.011e-05
2022-11-11 01:50:00,1271.59,1.014e-05
2022-11-11 01:55:00,1269.23,1.009e-05
2022-11-11 02:00:00,1262.74,1.008e-05
2022-11-11 02:05:00,1269.64,1.008e-05
2022-11-11 02:10:00,1264.58,1.003e-05
2022-11-11 02:15:00,1248.19,9.87e-06
2022-11-11 02:20:00,1252.16,1e-05
2022-11-11 02:25:00,1252.77,1.004e-05
2022-11-11 02:30:00,1255.33,1.002e-05
2022-11-11 02:35:00,1255.83,1.004e-05
2022-11-11 02:40:00,1252.9,1.006e-05
2022-11-11 02:45:00,1253.26,1.006e-05
2022-11-11 02:50:00,1254.42,1.008e-05
2022-11-11 02:55:00,1250.43,1.007e-05
2022-11-11 03:00:00,1252.33,1.008e-05
2022-11-11 03:05:00,1250.56,1.006e-05
2022-11-11 03:10:00,1236.86,9.97e-06
2022-11-11 03:15:00,1238.05,9.97e-06
2022-11-11 03:20:00,1235.94,9.96e-06
2022-11-11 03:25:00,1224.93,9.81e-06
2022-11-11 03:30:00,1225.52,9.89e-06
2022-11-11 03:35:00,1227.19,9.86e-06
2022-11-11 03:40:00,1237.75,9.96e-06
2022-11-11 03:45:00,1238.01,9.97e-06
2022-11-11 03:50:00,1240.61,9.98e-06
2022-11-11 03:55:00,1241.21,1e-05
2022-11-11 04:00:00,1239.12,9.98e-06
2022-11-11 04:05:00,1233.03,9.93e-06
2022-11-11 04:10:00,1242.5,9.97e-06
2022-11-11 04:15:00,1245.39,1.003e-05
2022-11-11 04:20:00,1243.16,9.99e-06
2022-11-11 04:25:00,1242.6,9.97e-06
2022-11-11 04:30:00,1244.12,1e-05
2022-11-11 04:35:00,1240.47,9.97e-06
2022-11-11 04:40:00,1241.12,1e-05
2022-11-11 04:45:00,1238.89,9.99e-06
2022-11-11 04:50:00,1233.38,9.93e-06
2022-11-11 04:55:00,1232.9,9.93e-06
2022-11-11 05:00:00,1234.52,9.96e-06
2022-11-11 05:05:00,1240.7,1.003e-05
2022-11-11 05:10:00,1245.55,1.011e-05
2022-11-11 05:15:00,1244.23,1.008e-05
2022-11-11 05:20:00,1244.85,1.01e-05
2022-11-11 05:25:00,1247.14,1.015e-05
2022-11-11 05:30:00,1246.47,1.014e-05
2022-11-11 05:35:00,1254.01,1.014e-05
2022-11-11 05:40:00,1252.2,1.011e-05
2022-11-11 05:45:00,1253.9,1.012e-05
2022-11-11 05:50:00,1268.09,1.017e-05
2022-11-11 05:55:00,1269.42,1.016e-05
2022-11-11 06:00:00,1265.78,1.013e-05
2022-11-11 06:05:00,1272.01,1.016e-05
2022-11-11 06:10:00,1271.88,1.015e-05
2022-11-11 06:15:00,1271.34,1.015e-05
2022-11-11 06:20:00,1262.43,1.011e-05
2022-11-11 06:25:00,1253.08,1.006e-05
2022-11-11 06:30:00,1255.88,1.007e-05
2022-11-11 06:35:00,1261.47,1.011e-05
2022-11-11 06:40:00,1268.39,1.014e-05
2022-11-11 06:45:00,1265.81,1.013e-05
2022-11-11 06:50:00,1265.84,1.013e-05
2022-11-11 06:55:00,1265.11,1.013e-05
2022-11-11 07:00:00,1264.43,1.014e-05
2022-11-11 07:05:00,1260.59,1.012e-05
2022-11-11 07:10:00,1261.27,1.011e-05
2022-11-11 07:15:00,1268.88,1.014e-05
2022-11-11 07:20:00,1279.26,1.015e-05
2022-11-11 07:25:00,1275.74,1.014e-05
2022-11-11 07:30:00,1277.74,1.012e-05
2022-11-11 07:35:00,1276.08,1.013e-05
2022-11-11 07:40:00,1279.87,1.013e-05
2022-11-11 07:45:00,1280.8,1.011e-05
2022-11-11 07:50:00,1281.17,1.012e-05
2022-11-11 07:55:00,1280.92,1.014e-05
2022-11-11 08:00:00,1278.34,1.013e-05
2022-11-11 08:05:00,1280.98,1.015e-05
2022-11-11 08:10:00,1274.59,1.011e-05
2022-11-11 08:15:00,1274.54,1.01e-05
2022-11-11 08:20:00,1275.09,1.01e-05
2022-11-11 08:25:00,1273.79,1.01e-05
2022-11-11 08:30:00,1272.71,1.014e-05
2022-11-11 08:35:00,1272.93,1.013e-05
2022-11-11 08:40:00,1281.29,1.017e-05
2022-11-11 08:45:00,1283.29,1.018e-05
2022-11-11 08:50:00,1285.27,1.02e-05
2022-11-11 08:55:00,1284.28,1.019e-05
2022-11-11 09:00:00,1281.52,1.018e-05
2022-11-11 09:05:00,1280.13,1.015e-05
2022-11-11 09:10:00,1278.48,1.013e-05
2022-11-11 09:15:00,1273.74,1.01e-05
2022-11-11 09:20:00,1273.37,1.007e-05
2022-11-11 09:25:00,1275.16,1.013e-05
2022-11-11 09:30:00,1277.94,1.013e-05
2022-11-11 09:35:00,1281.86,1.016e-05
2022-11-11 09:40:00,1283.05,1.01e-05
2022-11-11 09:45:00,1277.0,1.01e-05
2022-11-11 09:50:00,1279.19,1.013e-05
2022-11-11 09:55:00,1275.23,1.012e-05
2022-11-11 10:00:00,1279.39,1.014e-05
2022-11-11 10:05:00,1283.35,1.011e-05
2022-11-11 10:10:00,1275.45,1.007e-05
2022-11-11 10:15:00,1272.99,1.008e-05
2022-11-11 10:20:00,1267.8,1.004e-05
2022-11-11 10:25:00,1267.88,1.004e-05
2022-11-11 10:30:00,1271.18,1.004e-05
2022-11-11 10:35:00,1271.83,1.006e-05
2022-11-11 10:40:00,1269.63,1.006e-05
2022-11-11 10:45:00,1275.76,1.012e-05
2022-11-11 10:50:00,1272.87,1.008e-05
2022-11-11 10:55:00,1275.91,1.011e-05
2022-11-11 11:00:00,1277.79,1.009e-05
2022-11-11 11:05:00,1274.18,1.007e-05
2022-11-11 11:10:00,1282.79,1.013e-05
2022-11-11 11:15:00,1287.24,1.014e-05
2022-11-11 11:20:00,1285.51,1.012e-05
2022-11-11 11:25:00,1286.05,1.013e-05
2022-11-11 11:30:00,1281.71,1.012e-05
2022-11-11 11:35:00,1285.6,1.013e-05
2022-11-11 11:40:00,1277.87,1.01e-05
2022-11-11 11:45:00,1275.7,1.01e-05
2022-11-11 11:50:00,1270.27,1.007e-05
2022-11-11 11:55:00,1274.12,1.008e-05
2022-11-11 12:00:00,1275.91,1.008e-05
2022-11-11 12:05:00,1278.61,1.011e-05
2022-11-11 12:10:00,1274.24,1.009e-05
2022-11-11 12:15:00,1271.59,1.007e-05
2022-11-11 12:20:00,1272.81,1.007e-05
2022-11-11 12:25:00,1271.89,1.007e-05
2022-11-11 12:30:00,1271.04,1.005e-05
2022-11-11 12:35:00,1275.41,1.006e-05
2022-11-11 12:40:00,1275.73,1.005e-05
2022-11-11 12:45:00,1277.77,1.008e-05
2022-11-11 12:50:00,1279.99,1.009e-05
2022-11-11 12:55:00,1289.16,1.011e-05
2022-11-11 13:00:00,1290.9,1.013e-05
2022-11-11 13:05:00,1301.91,1.016e-05
2022-11-11 13:10:00,1289.11,1.012e-05
2022-11-11 13:15:00,1295.45,1.015e-05
2022-11-11 13:20:00,1301.52,1.019e-05
2022-11-11 13:25:00,1304.33,1.019e-05
2022-11-11 13:30:00,1299.74,1.018e-05
2022-11-11 13:35:00,1295.14,1.013e-05
2022-11-11 13:40:00,1295.55,1.013e-05
2022-11-11 13:45:00,1291.2,1.012e-05
2022-11-11 13:50:00,1287.29,1.009e-05
2022-11-11 13:55:00,1289.16,1.008e-05
2022-11-11 14:00:00,1283.58,1.003e-05
2022-11-11 14:05:00,1263.96,9.91e-06
2022-11-11 14:10:00,1268.59,9.93e-06
2022-11-11 14:15:00,1254.79,9.85e-06
2022-11-11 14:20:00,1229.67,9.64e-06
2022-11-11 14:25:00,1213.44,9.48e-06
2022-11-11 14:30:00,1206.97,9.49e-06
2022-11-11 14:35:00,1222.25,9.61e-06
2022-11-11 14:40:00,1214.13,9.54e-06
2022-11-11 14:45:00,1222.19,9.6e-06
2022-11-11 14:50:00,1271.77,9.86e-06
2022-11-11 14:55:00,1256.39,9.77e-06
2022-11-11 15:00:00,1261.99,9.76e-06
2022-11-11 15:05:00,1254.86,9.71e-06
2022-11-11 15:10:00,1243.42,9.62e-06
2022-11-11 15:15:00,1263.31,9.78e-06
2022-11-11 15:20:00,1262.06,9.75e-06
2022-11-11 15:25:00,1269.17,9.77e-06
2022-11-11 15:30:00,1275.17,9.81e-06
2022-11-11 15:35:00,1267.0,9.77e-06
2022-11-11 15:40:00,1259.51,9.72e-06
2022-11-11 15:45:00,1259.56,9.69e-06
2022-11-11 15:50:00,1264.58,9.74e-06
2022-11-11 15:55:00,1256.82,9.72e-06
2022-11-11 16:00:00,1260.18,9.73e-06
2022-11-11 16:05:00,1257.93,9.7e-06
2022-11-11 16:10:00,1248.26,9.6e-06
2022-11-11 16:15:00,1241.53,9.57e-06
2022-11-11 16:20:00,1245.66,9.64e-06
2022-11-11 16:25:00,1243.84,9.61e-06
2022-11-11 16:30:00,1235.69,9.54e-06
2022-11-11 16:35:00,1240.47,9.59e-06
2022-11-11 16:40:00,1244.48,9.61e-06
2022-11-11 16:45:00,1244.91,9.57e-06
2022-11-11 16:50:00,1251.58,9.62e-06
2022-11-11 16:55:00,1245.55,9.58e-06
2022-11-11 17:00:00,1250.21,9.58e-06
2022-11-11 17:05:00,1256.35,9.63e-06
2022-11-11 17:10:00,1253.17,9.61e-06
2022-11-11 17:15:00,1259.73,9.64e-06
2022-11-11 17:20:00,1260.78,9.64e-06
2022-11-11 17:25:00,1259.46,9.62e-06
2022-11-11 17:30:00,1258.1,9.62e-06
2022-11-11 17:35:00,1257.08,9.61e-06
2022-11-11 17:40:00,1258.32,9.62e-06
2022-11-11 17:45:00,1262.32,9.66e-06
2022-11-11 17:50:00,1267.53,9.68e-06
2022-11-11 17:55:00,1274.82,9.71e-06
2022-11-11 18:00:00,1274.29,9.71e-06
2022-11-11 18:05:00,1284.52,9.78e-06
2022-11-11 18:10:00,1281.95,9.79e-06
2022-11-11 18:15:00,1278.47,9.77e-06
2022-11-11 18:20:00,1276.04,9.79e-06
2022-11-11 18:25:00,1279.3,9.8e-06
2022-11-11 18:30:00,1278.51,9.8e-06
2022-11-11 18:35:00,1278.82,9.79e-06
2022-11-11 18:40:00,1276.26,9.79e-06
2022-11-11 18:45:00,1267.05,9.75e-06
2022-11-11 18:50:00,1266.73,9.74e-06
2022-11-11 18:55:00,1262.81,9.71e-06
2022-11-11 19:00:00,1264.28,9.71e-06
2022-11-11 19:05:00,1254.99,9.69e-06
2022-11-11 19:10:00,1260.58,9.71e-06
2022-11-11 19:15:00,1265.65,9.71e-06
2022-11-11 19:20:00,1270.78,9.73e-06
2022-11-11 19:25:00,1267.72,9.71e-06
2022-11-11 19:30:00,1269.02,9.72e-06
2022-11-11 19:35:00,1267.21,9.71e-06
2022-11-11 19:40:00,1267.29,9.7e-06
2022-11-11 19:45:00,1267.07,9.72e-06
2022-11-11 19:50:00,1262.3,9.7e-06
2022-11-11 19:55:00,1266.53,9.71e-06
2022-11-11 20:00:00,1274.18,9.76e-06
2022-11-11 20:05:00,1270.69,9.74e-06
2022-11-11 20:10:00,1269.56,9.71e-06
2022-11-11 20:15:00,1262.24,9.69e-06
2022-11-11 20:20:00,1259.33,9.69e-06
2022-11-11 20:25:00,1261.63,9.69e-06
2022-11-11 20:30:00,1259.57,9.68e-06
2022-11-11 20:35:00,1260.84,9.71e-06
2022-11-11 20:40:00,1242.49,9.63e-06
2022-11-11 20:45:00,1245.86,9.63e-06
2022-11-11 20:50:00,1251.77,9.68e-06
2022-11-11 20:55:00,1247.86,9.67e-06
2022-11-11 21:00:00,1246.02,9.7e-06
2022-11-11 21:05:00,1251.78,9.72e-06
2022-11-11 21:10:00,1256.29,9.73e-06
2022-11-11 21:15:00,1258.23,9.76e-06
2022-11-11 21:20:00,1259.33,9.79e-06
2022-11-11 21:25:00,1271.14,9.82e-06
2022-11-11 21:30:00,1271.48,9.8e-06
2022-11-11 21:35:00,1267.5,9.78e-06
2022-11-11 21:40:00,1268.17,9.76e-06
2022-11-11 21:45:00,1269.46,9.76e-06
2022-11-11 21:50:00,1271.3,9.79e-06
2022-11-11 21:55:00,1271.9,9.79e-06
2022-11-11 22:00:00,1269.74,9.78e-06
2022-11-11 22:05:00,1268.15,9.79e-06
2022-11-11 22:10:00,1268.46,9.8e-06
2022-11-11 22:15:00,1268.93,9.82e-06
2022-11-11 22:20:00,1273.96,9.85e-06
2022-11-11 22:25:00,1275.61,9.84e-06
2022-11-11 22:30:00,1277.62,9.84e-06
2022-11-11 22:35:00,1276.2,9.85e-06
2022-11-11 22:40:00,1273.45,9.81e-06
2022-11-11 22:45:00,1274.46,9.83e-06
2022-11-11 22:50:00,1273.5,9.83e-06
2022-11-11 22:55:00,1277.79,9.84e-06
2022-11-11 23:00:00,1280.39,9.84e-06
2022-11-11 23:05:00,1283.71,9.87e-06
2022-11-11 23:10:00,1278.42,9.83e-06
2022-11-11 23:15:00,1277.97,9.8e-06
2022-11-11 23:20:00,1273.39,9.79e-06
2022-11-11 23:25:00,1277.87,9.79e-06
2022-11-11 23:30:00,1273.88,9.79e-06
2022-11-11 23:35:00,1274.22,9.81e-06
2022-11-11 23:40:00,1288.05,9.85e-06
2022-11-11 23:45:00,1284.57,9.86e-06
2022-11-11 23:50:00,1289.83,9.88e-06
2022-11-11 23:55:00,1292.23,9.91e-06
2022-11-12 00:00:00,1289.35,9.9e-06
2022-11-12 00:05:00,1288.01,9.89e-06
2022-11-12 00:10:00,1283.29,9.87e-06
2022-11-12 00:15:00,1283.57,9.86e-06
2022-11-12 00:20:00,1278.69,9.82e-06
2022-11-12 00:25:00,1276.24,9.8e-06
2022-11-12 00:30:00,1276.97,9.79e-06
2022-11-12 00:35:00,1275.45,9.8e-06
2022-11-12 00:40:00,1276.98,9.81e-06
2022-11-12 00:45:00,1272.23,9.77e-06
2022-11-12 00:50:00,1276.49,9.79e-06
2022-11-12 00:55:00,1273.42,9.78e-06
2022-11-12 01:00:00,1276.49,9.79e-06
2022-11-12 01:05:00,1275.82,9.78e-06
2022-11-12 01:10:00,1272.71,9.76e-06
2022-11-12 01:15:00,1271.5,9.78e-06
2022-11-12 01:20:00,1276.76,9.79e-06
2022-11-12 01:25:00,1277.01,9.8e-06
2022-11-12 01:30:00,1275.44,9.8e-06
2022-11-12 01:35:00,1272.0,9.76e-06
2022-11-12 01:40:00,1269.7,9.74e-06
2022-11-12 01:45:00,1274.86,9.78e-06
2022-11-12 01:50:00,1279.2,9.8e-06
2022-11-12 01:55:00,1275.46,9.79e-06
2022-11-12 02:00:00,1273.4,9.77e-06
2022-11-12 02:05:00,1273.86,9.76e-06
2022-11-12 02:10:00,1276.44,9.77e-06
2022-11-12 02:15:00,1276.67,9.79e-06
2022-11-12 02:20:00,1280.6,9.79e-06
2022-11-12 02:25:00,1283.01,9.79e-06
2022-11-12 02:30:00,1287.52,9.8e-06
2022-11-12 02:35:00,1284.16,9.77e-06
2022-11-12 02:40:00,1286.17,9.76e-06
2022-11-12 02:45:00,1283.06,9.77e-06
2022-11-12 02:50:00,1282.85,9.78e-06
2022-11-12 02:55:00,1280.0,9.77e-06
2022-11-12 03:00:00,1276.73,9.73e-06
2022-11-12 03:05:00,1278.56,9.75e-06
2022-11-12 03:10:00,1272.26,9.71e-06
2022-11-12 03:15:00,1269.99,9.7e-06
2022-11-12 03:20:00,1269.41,9.7e-06
2022-11-12 03:25:00,1256.12,9.63e-06
2022-11-12 03:30:00,1263.69,9.69e-06
2022-11-12 03:35:00,1265.03,9.69e-06
2022-11-12 03:40:00,1267.59,9.71e-06
2022-11-12 03:45:00,1262.32,9.7e-06
2022-11-12 03:50:00,1258.8,9.67e-06
2022-11-12 03:55:00,1259.12,9.66e-06
2022-11-12 04:00:00,1259.34,9.66e-06
2022-11-12 04:05:00,1263.05,9.69e-06
2022-11-12 04:10:00,1262.2,9.69e-06
2022-11-12 04:15:00,1262.36,9.7e-06
2022-11-12 04:20:00,1258.8,9.63e-06
2022-11-12 04:25:00,1257.85,9.59e-06
2022-11-12 04:30:00,1258.15,9.58e-06
2022-11-12 04:35:00,1262.43,9.59e-06
2022-11-12 04:40:00,1267.01,9.62e-06
2022-11-12 04:45:00,1265.14,9.61e-06
2022-11-12 04:50:00,1261.49,9.58e-06
2022-11-12 04:55:00,1263.27,9.56e-06
2022-11-12 05:00:00,1257.47,9.53e-06
2022-11-12 05:05:00,1253.28,9.5e-06
2022-11-12 05:10:00,1246.8,9.46e-06
2022-11-12 05:15:00,1241.74,9.41e-06
2022-11-12 05:20:00,1249.69,9.45e-06
2022-11-12 05:25:00,1250.64,9.47e-06
2022-11-12 05:30:00,1245.26,9.43e-06
2022-11-12 05:35:00,1248.0,9.43e-06
2022-11-12 05:40:00,1252.75,9.48e-06
2022-11-12 05:45:00,1250.37,9.45e-06
2022-11-12 05:50:00,1242.31,9.38e-06
2022-11-12 05:55:00,1242.4,9.37e-06
2022-11-12 06:00:00,1247.49,9.43e-06
2022-11-12 06:05:00,1250.28,9.46e-06
2022-11-12 06:10:00,1251.78,9.47e-06
2022-11-12 06:15:00,1251.21,9.47e-06
2022-11-12 06:20:00,1251.98,9.45e-06
2022-11-12 06:25:00,1256.85,9.38e-06
2022-11-12 06:30:00,1254.66,9.34e-06
2022-11-12 06:35:00,1258.0,9.29e-06
2022-11-12 06:40:00,1265.59,9.35e-06
2022-11-12 06:45:00,1261.02,9.37e-06
2022-11-12 06:50:00,1262.0,9.39e-06
2022-11-12 06:55:00,1264.73,9.41e-06
2022-11-12 07:00:00,1261.31,9.44e-06
2022-11-12 07:05:00,1264.19,9.46e-06
2022-11-12 07:10:00,1265.92,9.52e-06
2022-11-12 07:15:00,1265.4,9.51e-06
2022-11-12 07:20:00,1271.85,9.64e-06
2022-11-12 07:25:00,1272.53,9.71e-06
2022-11-12 07:30:00,1270.98,9.71e-06
2022-11-12 07:35:00,1266.28,9.61e-06
2022-11-12 07:40:00,1268.01,9.5e-06
2022-11-12 07:45:00,1265.39,9.49e-06
2022-11-12 07:50:00,1265.96,9.46e-06
2022-11-12 07:55:00,1267.13,9.43e-06
2022-11-12 08:00:00,1266.39,9.5e-06
2022-11-12 08:05:00,1264.64,9.47e-06
2022-11-12 08:10:00,1262.0,9.46e-06
2022-11-12 08:15:00,1263.51,9.48e-06
2022-11-12 08:20:00,1263.78,9.49e-06
2022-11-12 08:25:00,1257.22,9.45e-06
2022-11-12 08:30:00,1253.57,9.41e-06
2022-11-12 08:35:00,1250.63,9.41e-06
2022-11-12 08:40:00,1263.39,9.5e-06
2022-11-12 08:45:00,1266.42,9.52e-06
2022-11-12 08:50:00,1262.57,9.5e-06
2022-11-12 08:55:00,1263.01,9.48e-06
2022-11-12 09:00:00,1261.66,9.5e-06
2022-11-12 09:05:00,1257.18,9.44e-06
2022-11-12 09:10:00,1258.76,9.46e-06
2022-11-12 09:15:00,1262.29,9.48e-06
2022-11-12 09:20:00,1265.07,9.5e-06
2022-11-12 09:25:00,1264.32,9.52e-06
2022-11-12 09:30:00,1263.21,9.51e-06
2022-11-12 09:35:00,1264.34,9.53e-06
2022-11-12 09:40:00,1262.99,9.52e-06
2022-11-12 09:45:00,1265.3,9.54e-06
2022-11-12 09:50:00,1263.53,9.57e-06
2022-11-12 09:55:00,1262.61,9.55e-06
2022-11-12 10:00:00,1262.22,9.55e-06
2022-11-12 10:05:00,1257.67,9.56e-06
2022-11-12 10:10:00,1257.96,9.69e-06
2022-11-12 10:15:00,1263.83,9.72e-06
2022-11-12 10:20:00,1264.03,9.66e-06
2022-11-12 10:25:00,1266.75,9.64e-06
2022-11-12 10:30:00,1265.85,9.72e-06
2022-11-12 10:35:00,1267.19,9.76e-06
2022-11-12 10:40:00,1265.9,9.7e-06
2022-11-12 10:45:00,1264.13,9.65e-06
2022-11-12 10:50:00,1261.32,9.64e-06
2022-11-12 10:55:00,1262.07,9.65e-06
2022-11-12 11:00:00,1259.72,9.63e-06
2022-11-12 11:05:00,1262.76,9.65e-06
2022-11-12 11:10:00,1262.9,9.65e-06
2022-11-12 11:15:00,1254.64,9.61e-06
2022-11-12 11:20:00,1257.05,9.65e-06
2022-11-12 11:25:00,1258.57,9.64e-06
2022-11-12 11:30:00,1258.33,9.64e-06
2022-11-12 11:35:00,1258.68,9.66e-06
2022-11-12 11:40:00,1262.1,9.72e-06
2022-11-12 11:45:00,1258.08,9.7e-06
2022-11-12 11:50:00,1256.07,9.66e-06
2022-11-12 11:55:00,1259.32,9.74e-06
2022-11-12 12:00:00,1260.5,9.76e-06
2022-11-12 12:05:00,1263.58,9.71e-06
2022-11-12 12:10:00,1261.31,9.69e-06
2022-11-12 12:15:00,1260.45,9.7e-06
2022-11-12 12:20:00,1257.85,9.67e-06
2022-11-12 12:25:00,1256.79,9.67e-06
2022-11-12 12:30:00,1255.61,9.64e-06
2022-11-12 12:35:00,1255.72,9.62e-06
2022-11-12 12:40:00,1258.24,9.65e-06
2022-11-12 12:45:00,1266.65,9.69e-06
2022-11-12 12:50:00,1266.83,9.67e-06
2022-11-12 12:55:00,1264.66,9.67e-06
2022-11-12 13:00:00,1268.72,9.68e-06
2022-11-12 13:05:00,1266.07,9.67e-06
2022-11-12 13:10:00,1260.21,9.56e-06
2022-11-12 13:15:00,1262.3,9.57e-06
2022-11-12 13:20:00,1261.4,9.55e-06
2022-11-12 13:25:00,1261.86,9.57e-06
2022-11-12 13:30:00,1262.46,9.57e-06
2022-11-12 13:35:00,1261.49,9.57e-06
2022-11-12 13:40:00,1263.83,9.58e-06
2022-11-12 13:45:00,1262.5,9.59e-06
2022-11-12 13:50:00,1265.26,9.62e-06
2022-11-12 13:55:00,1266.2,9.61e-06
2022-11-12 14:00:00,1266.13,9.6e-06
2022-11-12 14:05:00,1261.0,9.55e-06
2022-11-12 14:10:00,1260.48,9.55e-06
2022-11-12 14:15:00,1260.26,9.55e-06
2022-11-12 14:20:00,1265.13,9.6e-06
2022-11-12 14:25:00,1267.05,9.64e-06
2022-11-12 14:30:00,1266.12,9.67e-06
2022-11-12 14:35:00,1271.33,9.71e-06
2022-11-12 14:40:00,1268.04,9.65e-06
2022-11-12 14:45:00,1270.13,9.65e-06
2022-11-12 14:50:00,1280.73,9.69e-06
2022-11-12 14:55:00,1276.39,9.69e-06
2022-11-12 15:00:00,1276.5,9.69e-06
2022-11-12 15:05:00,1275.79,9.68e-06
2022-11-12 15:10:00,1279.78,9.72e-06
2022-11-12 15:15:00,1280.78,9.74e-06
2022-11-12 15:20:00,1276.94,9.75e-06
2022-11-12 15:25:00,1274.67,9.73e-06
2022-11-12 15:30:00,1273.96,9.71e-06
2022-11-12 15:35:00,1274.8,9.71e-06
2022-11-12 15:40:00,1273.12,9.7e-06
2022-11-12 15:45:00,1273.19,9.71e-06
2022-11-12 15:50:00,1272.7,9.72e-06
2022-11-12 15:55:00,1275.51,9.73e-06
2022-11-12 16:00:00,1274.81,9.72e-06
2022-11-12 16:05:00,1270.77,9.7e-06
2022-11-12 16:10:00,1272.88,9.7e-06
2022-11-12 16:15:00,1276.22,9.75e-06
2022-11-12 16:20:00,1272.35,9.71e-06
2022-11-12 16:25:00,1270.61,9.71e-06
2022-11-12 16:30:00,1269.41,9.69e-06
2022-11-12 16:35:00,1268.44,9.68e-06
2022-11-12 16:40:00,1270.17,9.68e-06
2022-11-12 16:45:00,1272.72,9.71e-06
2022-11-12 16:50:00,1271.93,9.71e-06
2022-11-12 16:55:00,1270.83,9.69e-06
2022-11-12 17:00:00,1271.74,9.69e-06
2022-11-12 17:05:00,1269.84,9.67e-06
2022-11-12 17:10:00,1269.35,9.61e-06
2022-11-12 17:15:00,1269.93,9.6e-06
2022-11-12 17:20:00,1270.8,9.61e-06
2022-11-12 17:25:00,1273.95,9.63e-06
2022-11-12 17:30:00,1271.46,9.61e-06
2022-11-12 17:35:00,1273.8,9.62e-06
2022-11-12 17:40:00,1272.27,9.62e-06
2022-11-12 17:45:00,1274.2,9.62e-06
2022-11-12 17:50:00,1273.2,9.63e-06
2022-11-12 17:55:00,1273.32,9.63e-06
2022-11-12 18:00:00,1273.11,9.61e-06
2022-11-12 18:05:00,1273.84,9.63e-06
2022-11-12 18:10:00,1270.77,9.6e-06
2022-11-12 18:15:00,1267.83,9.6e-06
2022-11-12 18:20:00,1268.01,9.6e-06
2022-11-12 18:25:00,1267.06,9.57e-06
2022-11-12 18:30:00,1267.75,9.59e-06
2022-11-12 18:35:00,1267.73,9.58e-06
2022-11-12 18:40:00,1268.14,9.6e-06
2022-11-12 18:45:00,1268.74,9.65e-06
2022-11-12 18:50:00,1270.39,9.61e-06
2022-11-12 18:55:00,1269.09,9.61e-06
2022-11-12 19:00:00,1269.07,9.61e-06
2022-11-12 19:05:00,1267.76,9.61e-06
2022-11-12 19:10:00,1267.86,9.62e-06
2022-11-12 19:15:00,1267.41,9.63e-06
2022-11-12 19:20:00,1265.99,9.62e-06
2022-11-12 19:25:00,1268.1,9.63e-06
2022-11-12 19:30:00,1268.39,9.62e-06
2022-11-12 19:35:00,1268.55,9.61e-06
2022-11-12 19:40:00,1269.78,9.63e-06
2022-11-12 19:45:00,1268.02,9.62e-06
2022-11-12 19:50:00,1265.98,9.61e-06
2022-11-12 19:55:00,1268.28,9.62e-06
2022-11-12 20:00:00,1268.45,9.62e-06
2022-11-12 20:05:00,1267.88,9.62e-06
2022-11-12 20:10:00,1267.45,9.62e-06
2022-11-12 20:15:00,1268.03,9.62e-06
2022-11-12 20:20:00,1266.84,9.62e-06
2022-11-12 20:25:00,1266.44,9.61e-06
2022-11-12 20:30:00,1268.02,9.62e-06
2022-11-12 20:35:00,1266.56,9.6e-06
2022-11-12 20:40:00,1267.41,9.61e-06
2022-11-12 20:45:00,1266.29,9.6e-06
2022-11-12 20:50:00,1264.82,9.6e-06
2022-11-12 20:55:00,1266.4,9.62e-06
2022-11-12 21:00:00,1266.01,9.64e-06
2022-11-12 21:05:00,1266.13,9.64e-06
2022-11-12 21:10:00,1265.92,9.64e-06
2022-11-12 21:15:00,1264.82,9.63e-06
2022-11-12 21:20:00,1263.33,9.6e-06
2022-11-12 21:25:00,1256.21,9.57e-06
2022-11-12 21:30:00,1254.56,9.57e-06
2022-11-12 21:35:00,1255.72,9.57e-06
2022-11-12 21:40:00,1257.87,9.57e-06
2022-11-12 21:45:00,1256.64,9.58e-06
2022-11-12 21:50:00,1256.68,9.6e-06
2022-11-12 21:55:00,1257.84,9.61e-06
2022-11-12 22:00:00,1258.2,9.6e-06
2022-11-12 22:05:00,1258.72,9.6e-06
2022-11-12 22:10:00,1259.16,9.6e-06
2022-11-12 22:15:00,1256.76,9.6e-06
2022-11-12 22:20:00,1259.84,9.61e-06
2022-11-12 22:25:00,1261.34,9.64e-06
2022-11-12 22:30:00,1260.01,9.63e-06
2022-11-12 22:35:00,1260.7,9.64e-06
2022-11-12 22:40:00,1260.01,9.64e-06
2022-11-12 22:45:00,1262.04,9.65e-06
2022-11-12 22:50:00,1262.74,9.64e-06
2022-11-12 22:55:00,1261.95,9.64e-06
2022-11-12 23:00:00,1260.67,9.65e-06
2022-11-12 23:05:00,1259.25,9.63e-06
2022-11-12 23:10:00,1257.1,9.62e-06
2022-11-12 23:15:00,1254.82,9.61e-06
2022-11-12 23:20:00,1256.23,9.61e-06
2022-11-12 23:25:00,1257.98,9.62e-06
2022-11-12 23:30:00,1251.42,9.51e-06
2022-11-12 23:35:00,1248.7,9.5e-06
2022-11-12 23:40:00,1252.23,9.53e-06
2022-11-12 23:45:00,1252.83,9.53e-06
2022-11-12 23:50:00,1254.1,9.55e-06
2022-11-12 23:55:00,1255.49,9.56e-06
2022-11-13 00:00:00,1257.25,9.57e-06
2022-11-13 00:05:00,1256.99,9.57e-06
2022-11-13 00:10:00,1258.07,9.58e-06
2022-11-13 00:15:00,1258.12,9.62e-06
2022-11-13 00:20:00,1259.77,9.63e-06
2022-11-13 00:25:00,1263.65,9.66e-06
2022-11-13 00:30:00,1262.99,9.68e-06
2022-11-13 00:35:00,1263.71,9.66e-06
2022-11-13 00:40:00,1263.05,9.67e-06
2022-11-13 00:45:00,1264.36,9.72e-06
2022-11-13 00:50:00,1262.16,9.67e-06
2022-11-13 00:55:00,1260.89,9.67e-06
2022-11-13 01:00:00,1260.19,9.65e-06
2022-11-13 01:05:00,1262.65,9.69e-06
2022-11-13 01:10:00,1264.37,9.68e-06
2022-11-13 01:15:00,1262.2,9.67e-06
2022-11-13 01:20:00,1264.48,9.67e-06
2022-11-13 01:25:00,1262.89,9.65e-06
2022-11-13 01:30:00,1262.05,9.63e-06
2022-11-13 01:35:00,1263.56,9.65e-06
2022-11-13 01:40:00,1263.95,9.64e-06
2022-11-13 01:45:00,1266.25,9.65e-06
2022-11-13 01:50:00,1263.01,9.63e-06
2022-11-13 01:55:00,1262.66,9.62e-06
2022-11-13 02:00:00,1264.23,9.64e-06
2022-11-13 02:05:00,1266.13,9.69e-06
2022-11-13 02:10:00,1265.97,9.7e-06
2022-11-13 02:15:00,1263.54,9.69e-06
2022-11-13 02:20:00,1263.62,9.7e-06
2022-11-13 02:25:00,1264.35,9.7e-06
2022-11-13 02:30:00,1266.5,9.72e-06
2022-11-13 02:35:00,1264.73,9.7e-06
2022-11-13 02:40:00,1265.01,9.72e-06
2022-11-13 02:45:00,1267.76,9.73e-06
2022-11-13 02:50:00,1265.82,9.7e-06
2022-11-13 02:55:00,1265.19,9.69e-06
2022-11-13 03:00:00,1268.19,9.71e-06
2022-11-13 03:05:00,1269.66,9.72e-06
2022-11-13 03:10:00,1268.48,9.71e-06
2022-11-13 03:15:00,1266.97,9.7e-06
2022-11-13 03:20:00,1265.69,9.67e-06
2022-11-13 03:25:00,1265.47,9.66e-06
2022-11-13 03:30:00,1265.94,9.65e-06
2022-11-13 03:35:00,1268.69,9.67e-06
2022-11-13 03:40:00,1268.96,9.69e-06
2022-11-13 03:45:00,1270.81,9.71e-06
2022-11-13 03:50:00,1270.18,9.7e-06
2022-11-13 03:55:00,1271.0,9.72e-06
2022-11-13 04:00:00,1272.14,9.72e-06
2022-11-13 04:05:00,1273.12,9.73e-06
2022-11-13 04:10:00,1271.78,9.75e-06
2022-11-13 04:15:00,1270.51,9.74e-06
2022-11-13 04:20:00,1269.77,9.71e-06
2022-11-13 04:25:00,1270.08,9.73e-06
2022-11-13 04:30:00,1269.01,9.72e-06
2022-11-13 04:35:00,1268.18,9.72e-06
2022-11-13 04:40:00,1266.64,9.69e-06
2022-11-13 04:45:00,1266.14,9.69e-06
2022-11-13 04:50:00,1266.41,9.7e-06
2022-11-13 04:55:00,1265.99,9.69e-06
2022-11-13 05:00:00,1266.53,9.69e-06
2022-11-13 05:05:00,1267.59,9.67e-06
2022-11-13 05:10:00,1267.08,9.65e-06
2022-11-13 05:15:00,1267.96,9.65e-06
2022-11-13 05:20:00,1266.92,9.67e-06
2022-11-13 05:25:00,1267.11,9.68e-06
2022-11-13 05:30:00,1266.14,9.68e-06
2022-11-13 05:35:00,1266.98,9.69e-06
2022-11-13 05:40:00,1266.79,9.69e-06
2022-11-13 05:45:00,1266.27,9.69e-06
2022-11-13 05:50:00,1264.69,9.69e-06
2022-11-13 05:55:00,1264.82,9.66e-06
2022-11-13 06:00:00,1264.18,9.68e-06
2022-11-13 06:05:00,1261.91,9.65e-06
2022-11-13 06:10:00,1262.79,9.64e-06
2022-11-13 06:15:00,1264.89,9.65e-06
2022-11-13 06:20:00,1265.22,9.64e-06
2022-11-13 06:25:00,1264.11,9.61e-06
2022-11-13 06:30:00,1259.32,9.55e-06
2022-11-13 06:35:00,1253.19,9.48e-06
2022-11-13 06:40:00,1258.48,9.54e-06
2022-11-13 06:45:00,1256.06,9.54e-06
2022-11-13 06:50:00,1253.01,9.49e-06
2022-11-13 06:55:00,1253.23,9.52e-06
2022-11-13 07:00:00,1248.49,9.46e-06
2022-11-13 07:05:00,1241.22,9.46e-06
2022-11-13 07:10:00,1250.29,9.5e-06
2022-11-13 07:15:00,1251.72,9.49e-06
2022-11-13 07:20:00,1248.6,9.44e-06
2022-11-13 07:25:00,1244.0,9.41e-06
2022-11-13 07:30:00,1244.75,9.42e-06
2022-11-13 07:35:00,1244.51,9.42e-06
2022-11-13 07:40:00,1243.07,9.41e-06
2022-11-13 07:45:00,1246.46,9.43e-06
2022-11-13 07:50:00,1247.99,9.44e-06
2022-11-13 07:55:00,1253.42,9.48e-06
2022-11-13 08:00:00,1250.94,9.45e-06
2022-11-13 08:05:00,1252.21,9.45e-06
2022-11-13 08:10:00,1248.23,9.4e-06
2022-11-13 08:15:00,1247.19,9.39e-06
2022-11-13 08:20:00,1245.41,9.35e-06
2022-11-13 08:25:00,1243.5,9.36e-06
2022-11-13 08:30:00,1246.28,9.38e-06
2022-11-13 08:35:00,1247.67,9.4e-06
2022-11-13 08:40:00,1246.86,9.37e-06
2022-11-13 08:45:00,1245.15,9.36e-06
2022-11-13 08:50:00,1243.63,9.29e-06
2022-11-13 08:55:00,1241.43,9.28e-06
2022-11-13 09:00:00,1231.06,9.25e-06
2022-11-13 09:05:00,1227.09,9.22e-06
2022-11-13 09:10:00,1218.11,9.13e-06
2022-11-13 09:15:00,1219.63,9.11e-06
2022-11-13 09:20:00,1222.29,9.13e-06
2022-11-13 09:25:00,1224.15,9.15e-06
2022-11-13 09:30:00,1221.99,9.09e-06
2022-11-13 09:35:00,1226.04,9.14e-06
2022-11-13 09:40:00,1226.33,9.11e-06
2022-11-13 09:45:00,1230.36,9.15e-06
2022-11-13 09:50:00,1226.51,9.11e-06
2022-11-13 09:55:00,1226.52,9.08e-06
2022-11-13 10:00:00,1226.87,9.09e-06
2022-11-13 10:05:00,1228.55,9.13e-06
2022-11-13 10:10:00,1223.34,9.03e-06
2022-11-13 10:15:00,1223.73,9.03e-06
2022-11-13 10:20:00,1223.67,9.05e-06
2022-11-13 10:25:00,1227.99,9.11e-06
2022-11-13 10:30:00,1232.43,9.15e-06
2022-11-13 10:35:00,1230.06,9.13e-06
2022-11-13 10:40:00,1230.88,9.15e-06
2022-11-13 10:45:00,1230.18,9.15e-06
2022-11-13 10:50:00,1231.61,9.17e-06
2022-11-13 10:55:00,1230.36,9.15e-06
2022-11-13 11:00:00,1230.05,9.15e-06
2022-11-13 11:05:00,1228.45,9.15e-06
2022-11-13 11:10:00,1228.24,9.15e-06
2022-11-13 11:15:00,1228.19,9.15e-06
2022-11-13 11:20:00,1229.3,9.17e-06
2022-11-13 11:25:00,1234.13,9.19e-06
2022-11-13 11:30:00,1240.21,9.25e-06
2022-11-13 11:35:00,1244.29,9.48e-06
2022-11-13 11:40:00,1238.56,9.38e-06
2022-11-13 11:45:00,1240.68,9.37e-06
2022-11-13 11:50:00,1242.89,9.36e-06
2022-11-13 11:55:00,1241.19,9.34e-06
2022-11-13 12:00:00,1240.43,9.29e-06
2022-11-13 12:05:00,1239.99,9.32e-06
2022-11-13 12:10:00,1239.72,9.31e-06
2022-11-13 12:15:00,1238.43,9.27e-06
2022-11-13 12:20:00,1239.13,9.33e-06
2022-11-13 12:25:00,1238.8,9.29e-06
2022-11-13 12:30:00,1237.46,9.28e-06
2022-11-13 12:35:00,1238.49,9.26e-06
2022-11-13 12:40:00,1238.31,9.29e-06
2022-11-13 12:45:00,1238.53,9.26e-06
2022-11-13 12:50:00,1240.15,9.28e-06
2022-11-13 12:55:00,1239.55,9.29e-06
2022-11-13 13:00:00,1236.78,9.26e-06
2022-11-13 13:05:00,1234.6,9.23e-06
2022-11-13 13:10:00,1237.58,9.24e-06
2022-11-13 13:15:00,1238.53,9.27e-06
2022-11-13 13:20:00,1239.1,9.29e-06
2022-11-13 13:25:00,1238.16,9.28e-06
2022-11-13 13:30:00,1235.53,9.23e-06
2022-11-13 13:35:00,1237.0,9.24e-06
2022-11-13 13:40:00,1243.65,9.38e-06
2022-11-13 13:45:00,1243.85,9.34e-06
2022-11-13 13:50:00,1241.55,9.31e-06
2022-11-13 13:55:00,1241.31,9.32e-06
2022-11-13 14:00:00,1241.35,9.32e-06
2022-11-13 14:05:00,1242.45,9.32e-06
2022-11-13 14:10:00,1243.51,9.34e-06
2022-11-13 14:15:00,1242.8,9.31e-06
2022-11-13 14:20:00,1240.31,9.3e-06
2022-11-13 14:25:00,1240.04,9.29e-06
2022-11-13 14:30:00,1238.49,9.25e-06
2022-11-13 14:35:00,1239.11,9.26e-06
2022-11-13 14:40:00,1239.0,9.27e-06
2022-11-13 14:45:00,1237.73,9.25e-06
2022-11-13 14:50:00,1239.73,9.26e-06
2022-11-13 14:55:00,1239.05,9.26e-06
2022-11-13 15:00:00,1238.93,9.26e-06
2022-11-13 15:05:00,1239.04,9.25e-06
2022-11-13 15:10:00,1237.35,9.24e-06
2022-11-13 15:15:00,1235.66,9.23e-06
2022-11-13 15:20:00,1236.63,9.25e-06
2022-11-13 15:25:00,1229.04,9.17e-06
2022-11-13 15:30:00,1231.22,9.18e-06
2022-11-13 15:35:00,1230.54,9.21e-06
2022-11-13 15:40:00,1234.12,9.22e-06
2022-11-13 15:45:00,1234.03,9.23e-06
2022-11-13 15:50:00,1232.52,9.2e-06
2022-11-13 15:55:00,1229.57,9.19e-06
2022-11-13 16:00:00,1231.36,9.21e-06
2022-11-13 16:05:00,1229.75,9.2e-06
2022-11-13 16:10:00,1231.81,9.21e-06
2022-11-13 16:15:00,1228.35,9.19e-06
2022-11-13 16:20:00,1229.95,9.19e-06
2022-11-13 16:25:00,1228.28,9.17e-06
2022-11-13 16:30:00,1231.45,9.19e-06
2022-11-13 16:35:00,1231.54,9.17e-06
2022-11-13 16:40:00,1229.05,9.15e-06
2022-11-13 16:45:00,1230.72,9.14e-06
2022-11-13 16:50:00,1233.99,9.19e-06
2022-11-13 16:55:00,1233.79,9.18e-06
2022-11-13 17:00:00,1233.29,9.19e-06
2022-11-13 17:05:00,1232.62,9.18e-06
2022-11-13 17:10:00,1231.6,9.18e-06
2022-11-13 17:15:00,1224.36,9.14e-06
2022-11-13 17:20:00,1226.69,9.15e-06
2022-11-13 17:25:00,1224.46,9.13e-06
2022-11-13 17:30:00,1225.36,9.1e-06
2022-11-13 17:35:00,1224.15,9.09e-06
2022-11-13 17:40:00,1226.65,9.15e-06
2022-11-13 17:45:00,1227.83,9.15e-06
2022-11-13 17:50:00,1227.93,9.17e-06
2022-11-13 17:55:00,1228.87,9.17e-06
2022-11-13 18:00:00,1228.18,9.16e-06
2022-11-13 18:05:00,1228.96,9.18e-06
2022-11-13 18:10:00,1228.28,9.16e-06
2022-11-13 18:15:00,1227.01,9.16e-06
2022-11-13 18:20:00,1223.08,9.11e-06
2022-11-13 18:25:00,1223.91,9.11e-06
2022-11-13 18:30:00,1220.01,9.06e-06
2022-11-13 18:35:00,1219.22,9.06e-06
2022-11-13 18:40:00,1221.38,9.08e-06
2022-11-13 18:45:00,1221.99,9.1e-06
2022-11-13 18:50:00,1222.38,9.11e-06
2022-11-13 18:55:00,1222.95,9.11e-06
2022-11-13 19:00:00,1225.7,9.13e-06
2022-11-13 19:05:00,1226.74,9.14e-06
2022-11-13 19:10:00,1223.0,9.11e-06
2022-11-13 19:15:00,1224.54,9.1e-06
2022-11-13 19:20:00,1225.14,9.1e-06
2022-11-13 19:25:00,1229.61,9.12e-06
2022-11-13 19:30:00,1228.67,9.14e-06
2022-11-13 19:35:00,1229.23,9.15e-06
2022-11-13 19:40:00,1229.05,9.14e-06
2022-11-13 19:45:00,1229.74,9.14e-06
2022-11-13 19:50:00,1228.38,9.15e-06
2022-11-13 19:55:00,1228.27,9.14e-06
2022-11-13 20:00:00,1229.04,9.14e-06
2022-11-13 20:05:00,1227.06,9.11e-06
2022-11-13 20:10:00,1231.44,9.15e-06
2022-11-13 20:15:00,1228.67,9.11e-06
2022-11-13 20:20:00,1230.63,9.14e-06
2022-11-13 20:25:00,1228.63,9.1e-06
2022-11-13 20:30:00,1228.35,9.11e-06
2022-11-13 20:35:00,1228.73,9.1e-06
2022-11-13 20:40:00,1228.31,9.1e-06
2022-11-13 20:45:00,1227.67,9.09e-06
2022-11-13 20:50:00,1226.64,9.09e-06
2022-11-13 20:55:00,1222.19,9.05e-06
2022-11-13 21:00:00,1219.14,9.03e-06
2022-11-13 21:05:00,1204.18,8.9e-06
2022-11-13 21:10:00,1212.0,8.96e-06
2022-11-13 21:15:00,1208.84,8.95e-06
2022-11-13 21:20:00,1210.88,8.99e-06
2022-11-13 21:25:00,1214.74,9.05e-06
2022-11-13 21:30:00,1215.06,9.02e-06
2022-11-13 21:35:00,1213.45,9.01e-06
2022-11-13 21:40:00,1231.62,9.11e-06
2022-11-13 21:45:00,1225.83,9.06e-06
2022-11-13 21:50:00,1220.57,9e-06
2022-11-13 21:55:00,1221.67,9e-06
2022-11-13 22:00:00,1217.47,8.99e-06
2022-11-13 22:05:00,1218.08,8.99e-06
2022-11-13 22:10:00,1219.71,9.01e-06
2022-11-13 22:15:00,1221.1,9.03e-06
2022-11-13 22:20:00,1220.66,9.01e-06
2022-11-13 22:25:00,1222.07,9.03e-06
2022-11-13 22:30:00,1223.37,9.02e-06
2022-11-13 22:35:00,1227.65,9.05e-06
2022-11-13 22:40:00,1226.01,9.06e-06
2022-11-13 22:45:00,1225.98,9.06e-06
2022-11-13 22:50:00,1227.83,9.09e-06
2022-11-13 22:55:00,1230.27,9.08e-06
2022-11-13 23:00:00,1228.3,9.07e-06
2022-11-13 23:05:00,1225.24,9.03e-06
2022-11-13 23:10:00,1223.65,9.02e-06
2022-11-13 23:15:00,1221.45,8.95e-06
2022-11-13 23:20:00,1223.78,8.99e-06
2022-11-13 23:25:00,1224.57,9e-06
2022-11-13 23:30:00,1223.6,8.98e-06
2022-11-13 23:35:00,1220.62,8.95e-06
2022-11-13 23:40:00,1222.58,9e-06
2022-11-13 23:45:00,1218.85,8.95e-06
2022-11-13 23:50:00,1223.06,9e-06
2022-11-13 23:55:00,1222.54,9.03e-06
2022-11-14 00:00:00,1221.5,9.01e-06
2022-11-14 00:05:00,1228.13,9.1e-06
2022-11-14 00:10:00,1223.54,9.05e-06
2022-11-14 00:15:00,1228.21,9.05e-06
2022-11-14 00:20:00,1226.31,8.99e-06
2022-11-14 00:25:00,1194.16,8.56e-06
2022-11-14 00:30:00,1205.06,8.72e-06
2022-11-14 00:35:00,1208.58,8.85e-06
2022-11-14 00:40:00,1208.81,8.86e-06
2022-11-14 00:45:00,1211.36,8.88e-06
2022-11-14 00:50:00,1206.72,8.82e-06
2022-11-14 00:55:00,1209.9,8.86e-06
2022-11-14 01:00:00,1205.38,8.84e-06
2022-11-14 01:05:00,1208.79,8.87e-06
2022-11-14 01:10:00,1205.8,8.83e-06
2022-11-14 01:15:00,1201.92,8.78e-06
2022-11-14 01:20:00,1197.0,8.77e-06
2022-11-14 01:25:00,1201.69,8.84e-06
2022-11-14 01:30:00,1197.4,8.79e-06
2022-11-14 01:35:00,1196.18,8.77e-06
2022-11-14 01:40:00,1189.02,8.73e-06
2022-11-14 01:45:00,1185.92,8.67e-06
2022-11-14 01:50:00,1183.01,8.65e-06
2022-11-14 01:55:00,1189.3,8.74e-06
2022-11-14 02:00:00,1190.01,8.76e-06
2022-11-14 02:05:00,1184.99,8.72e-06
2022-11-14 02:10:00,1179.01,8.65e-06
2022-11-14 02:15:00,1177.2,8.62e-06
2022-11-14 02:20:00,1182.0,8.68e-06
2022-11-14 02:25:00,1184.22,8.68e-06
2022-11-14 02:30:00,1184.04,8.69e-06
2022-11-14 02:35:00,1186.28,8.71e-06
2022-11-14 02:40:00,1186.72,8.71e-06
2022-11-14 02:45:00,1188.29,8.73e-06
2022-11-14 02:50:00,1186.06,8.7e-06
2022-11-14 02:55:00,1185.58,8.7e-06
2022-11-14 03:00:00,1193.86,8.78e-06
2022-11-14 03:05:00,1189.4,8.75e-06
2022-11-14 03:10:00,1190.51,8.76e-06
2022-11-14 03:15:00,1190.35,8.77e-06
2022-11-14 03:20:00,1188.46,8.76e-06
2022-11-14 03:25:00,1190.98,8.79e-06
2022-11-14 03:30:00,1194.61,8.83e-06
2022-11-14 03:35:00,1196.63,8.82e-06
2022-11-14 03:40:00,1195.44,8.78e-06
2022-11-14 03:45:00,1194.1,8.77e-06
2022-11-14 03:50:00,1197.98,8.84e-06
2022-11-14 03:55:00,1193.44,8.81e-06
2022-11-14 04:00:00,1193.02,8.8e-06
2022-11-14 04:05:00,1192.97,8.81e-06
2022-11-14 04:10:00,1191.16,8.79e-06
2022-11-14 04:15:00,1190.74,8.78e-06
2022-11-14 04:20:00,1180.35,8.7e-06
2022-11-14 04:25:00,1185.3,8.78e-06
2022-11-14 04:30:00,1181.6,8.73e-06
2022-11-14 04:35:00,1186.21,8.8e-06
2022-11-14 04:40:00,1181.28,8.75e-06
2022-11-14 04:45:00,1177.79,8.74e-06
2022-11-14 04:50:00,1181.92,8.78e-06
2022-11-14 04:55:00,1181.9,8.78e-06
2022-11-14 05:00:00,1185.29,8.81e-06
2022-11-14 05:05:00,1186.48,8.81e-06
2022-11-14 05:10:00,1187.29,8.8e-06
2022-11-14 05:15:00,1186.41,8.81e-06
2022-11-14 05:20:00,1188.13,8.85e-06
2022-11-14 05:25:00,1187.97,8.85e-06
2022-11-14 05:30:00,1186.3,8.82e-06
2022-11-14 05:35:00,1183.93,8.77e-06
2022-11-14 05:40:00,1184.0,8.76e-06
2022-11-14 05:45:00,1179.17,8.73e-06
2022-11-14 05:50:00,1182.02,8.79e-06
2022-11-14 05:55:00,1183.1,8.8e-06
2022-11-14 06:00:00,1181.6,8.77e-06
2022-11-14 06:05:00,1184.86,8.79e-06
2022-11-14 06:10:00,1185.0,8.77e-06
2022-11-14 06:15:00,1178.98,8.73e-06
2022-11-14 06:20:00,1181.36,8.73e-06
2022-11-14 06:25:00,1183.65,8.77e-06
2022-11-14 06:30:00,1184.45,8.77e-06
2022-11-14 06:35:00,1186.39,8.81e-06
2022-11-14 06:40:00,1188.35,8.84e-06
2022-11-14 06:45:00,1213.64,8.98e-06
2022-11-14 06:50:00,1223.82,9.07e-06
2022-11-14 06:55:00,1227.16,9.13e-06
2022-11-14 07:00:00,1236.84,9.3e-06
2022-11-14 07:05:00,1234.56,9.24e-06
2022-11-14 07:10:00,1232.07,9.18e-06
2022-11-14 07:15:00,1234.16,9.18e-06
2022-11-14 07:20:00,1226.89,9.1e-06
2022-11-14 07:25:00,1235.45,9.17e-06
2022-11-14 07:30:00,1253.59,9.29e-06
2022-11-14 07:35:00,1250.86,9.24e-06
2022-11-14 07:40:00,1250.46,9.27e-06
2022-11-14 07:45:00,1253.86,9.27e-06
2022-11-14 07:50:00,1251.68,9.25e-06
2022-11-14 07:55:00,1254.38,9.26e-06
2022-11-14 08:00:00,1260.06,9.29e-06
2022-11-14 08:05:00,1270.51,9.36e-06
2022-11-14 08:10:00,1264.94,9.3e-06
2022-11-14 08:15:00,1269.63,9.33e-06
2022-11-14 08:20:00,1264.53,9.3e-06
2022-11-14 08:25:00,1264.73,9.29e-06
2022-11-14 08:30:00,1264.65,9.26e-06
2022-11-14 08:35:00,1266.1,9.28e-06
2022-11-14 08:40:00,1257.8,9.23e-06
2022-11-14 08:45:00,1262.4,9.26e-06
2022-11-14 08:50:00,1260.64,9.24e-06
2022-11-14 08:55:00,1262.83,9.26e-06
2022-11-14 09:00:00,1261.72,9.27e-06
2022-11-14 09:05:00,1256.68,9.22e-06
2022-11-14 09:10:00,1255.0,9.22e-06
2022-11-14 09:15:00,1255.48,9.25e-06
2022-11-14 09:20:00,1253.39,9.15e-06
2022-11-14 09:25:00,1258.52,9.2e-06
2022-11-14 09:30:00,1258.98,9.21e-06
2022-11-14 09:35:00,1258.7,9.24e-06
2022-11-14 09:40:00,1261.12,9.26e-06
2022-11-14 09:45:00,1263.76,9.27e-06
2022-11-14 09:50:00,1262.51,9.28e-06
2022-11-14 09:55:00,1261.26,9.28e-06
2022-11-14 10:00:00,1257.31,9.26e-06
2022-11-14 10:05:00,1257.48,9.24e-06
2022-11-14 10:10:00,1257.2,9.24e-06
2022-11-14 10:15:00,1255.5,9.2e-06
2022-11-14 10:20:00,1255.83,9.21e-06
2022-11-14 10:25:00,1255.78,9.24e-06
2022-11-14 10:30:00,1256.99,9.25e-06
2022-11-14 10:35:00,1259.92,9.26e-06
2022-11-14 10:40:00,1260.13,9.28e-06
2022-11-14 10:45:00,1260.06,9.27e-06
2022-11-14 10:50:00,1258.07,9.25e-06
2022-11-14 10:55:00,1260.03,9.26e-06
2022-11-14 11:00:00,1260.55,9.25e-06
2022-11-14 11:05:00,1260.15,9.25e-06
2022-11-14 11:10:00,1260.51,9.27e-06
2022-11-14 11:15:00,1262.28,9.25e-06
2022-11-14 11:20:00,1258.98,9.23e-06
2022-11-14 11:25:00,1258.14,9.22e-06
2022-11-14 11:30:00,1257.45,9.21e-06
2022-11-14 11:35:00,1254.79,9.21e-06
2022-11-14 11:40:00,1254.1,9.18e-06
2022-11-14 11:45:00,1255.36,9.16e-06
2022-11-14 11:50:00,1255.3,9.19e-06
2022-11-14 11:55:00,1254.17,9.19e-06
2022-11-14 12:00:00,1252.34,9.16e-06
2022-11-14 12:05:00,1245.54,9.12e-06
2022-11-14 12:10:00,1247.0,9.11e-06
2022-11-14 12:15:00,1253.2,9.13e-06
2022-11-14 12:20:00,1253.29,9.14e-06
2022-11-14 12:25:00,1255.23,9.13e-06
2022-11-14 12:30:00,1261.63,9.19e-06
2022-11-14 12:35:00,1265.82,9.22e-06
2022-11-14 12:40:00,1262.18,9.18e-06
2022-11-14 12:45:00,1261.7,9.19e-06
2022-11-14 12:50:00,1262.75,9.2e-06
2022-11-14 12:55:00,1264.34,9.2e-06
2022-11-14 13:00:00,1264.32,9.21e-06
2022-11-14 13:05:00,1265.77,9.21e-06
2022-11-14 13:10:00,1260.36,9.19e-06
2022-11-14 13:15:00,1279.52,9.29e-06
2022-11-14 13:20:00,1277.91,9.31e-06
2022-11-14 13:25:00,1285.2,9.35e-06
2022-11-14 13:30:00,1288.46,9.38e-06
2022-11-14 13:35:00,1284.31,9.35e-06
2022-11-14 13:40:00,1281.93,9.32e-06
2022-11-14 13:45:00,1279.6,9.31e-06
2022-11-14 13:50:00,1264.22,9.22e-06
2022-11-14 13:55:00,1250.08,9.12e-06
2022-11-14 14:00:00,1259.16,9.21e-06
2022-11-14 14:05:00,1255.61,9.21e-06
2022-11-14 14:10:00,1261.08,9.23e-06
2022-11-14 14:15:00,1256.16,9.21e-06
2022-11-14 14:20:00,1251.98,9.14e-06
2022-11-14 14:25:00,1252.18,9.15e-06
2022-11-14 14:30:00,1250.43,9.11e-06
2022-11-14 14:35:00,1245.94,9.09e-06
2022-11-14 14:40:00,1246.13,9.07e-06
2022-11-14 14:45:00,1245.38,9.07e-06
2022-11-14 14:50:00,1249.34,9.12e-06
2022-11-14 14:55:00,1250.34,9.11e-06
2022-11-14 15:00:00,1251.81,9.12e-06
2022-11-14 15:05:00,1249.98,9.13e-06
2022-11-14 15:10:00,1252.97,9.12e-06
2022-11-14 15:15:00,1252.72,9.14e-06
2022-11-14 15:20:00,1249.0,9.1e-06
2022-11-14 15:25:00,1245.82,9.06e-06
2022-11-14 15:30:00,1241.27,9.02e-06
2022-11-14 15:35:00,1240.51,9.01e-06
2022-11-14 15:40:00,1243.43,9.04e-06
2022-11-14 15:45:00,1244.5,9.01e-06
2022-11-14 15:50:00,1244.56,9.01e-06
2022-11-14 15:55:00,1245.54,9.05e-06
2022-11-14 16:00:00,1245.32,9.05e-06
2022-11-14 16:05:00,1246.64,9.08e-06
2022-11-14 16:10:00,1245.91,9.1e-06
2022-11-14 16:15:00,1237.46,9.02e-06
2022-11-14 16:20:00,1228.78,8.94e-06
2022-11-14 16:25:00,1231.98,8.97e-06
2022-11-14 16:30:00,1234.39,8.99e-06
2022-11-14 16:35:00,1236.67,9.03e-06
2022-11-14 16:40:00,1235.64,9.02e-06
2022-11-14 16:45:00,1232.09,8.99e-06
2022-11-14 16:50:00,1237.33,9.03e-06
2022-11-14 16:55:00,1231.34,8.99e-06
2022-11-14 17:00:00,1231.31,9.01e-06
2022-11-14 17:05:00,1231.68,9.01e-06
2022-11-14 17:10:00,1234.87,9.03e-06
2022-11-14 17:15:00,1236.17,9.04e-06
2022-11-14 17:20:00,1234.53,9.04e-06
2022-11-14 17:25:00,1234.64,9.06e-06
2022-11-14 17:30:00,1235.23,9.05e-06
2022-11-14 17:35:00,1240.36,9.07e-06
2022-11-14 17:40:00,1241.06,9.11e-06
2022-11-14 17:45:00,1241.51,9.09e-06
2022-11-14 17:50:00,1240.37,9.06e-06
2022-11-14 17:55:00,1240.11,9.06e-06
2022-11-14 18:00:00,1240.95,9.02e-06
2022-11-14 18:05:00,1241.3,9.06e-06
2022-11-14 18:10:00,1240.0,9.01e-06
2022-11-14 18:15:00,1237.68,9e-06
2022-11-14 18:20:00,1239.32,9.01e-06
2022-11-14 18:25:00,1239.68,9.02e-06
2022-11-14 18:30:00,1243.26,9.02e-06
2022-11-14 18:35:00,1243.54,9.03e-06
2022-11-14 18:40:00,1245.13,9.04e-06
2022-11-14 18:45:00,1244.25,9.05e-06
2022-11-14 18:50:00,1243.67,9.06e-06
2022-11-14 18:55:00,1244.65,9.05e-06
2022-11-14 19:00:00,1243.02,9.05e-06
2022-11-14 19:05:00,1243.04,9.06e-06
2022-11-14 19:10:00,1242.37,9.05e-06
2022-11-14 19:15:00,1235.67,9.01e-06
2022-11-14 19:20:00,1232.0,9.01e-06
2022-11-14 19:25:00,1234.41,9.04e-06
2022-11-14 19:30:00,1233.69,9.03e-06
2022-11-14 19:35:00,1231.1,9e-06
2022-11-14 19:40:00,1231.77,9e-06
2022-11-14 19:45:00,1221.84,8.97e-06
2022-11-14 19:50:00,1218.62,8.95e-06
2022-11-14 19:55:00,1217.25,8.92e-06
2022-11-14 20:00:00,1216.26,8.89e-06
2022-11-14 20:05:00,1219.75,8.97e-06
2022-11-14 20:10:00,1213.03,8.93e-06
2022-11-14 20:15:00,1213.88,8.92e-06
2022-11-14 20:20:00,1218.91,8.96e-06
2022-11-14 20:25:00,1217.67,8.96e-06
2022-11-14 20:30:00,1216.95,8.98e-06
2022-11-14 20:35:00,1216.36,8.97e-06
2022-11-14 20:40:00,1219.84,8.98e-06
2022-11-14 20:45:00,1217.55,8.96e-06
2022-11-14 20:50:00,1215.59,8.92e-06
2022-11-14 20:55:00,1214.36,8.91e-06
2022-11-14 21:00:00,1215.96,8.92e-06
2022-11-14 21:05:00,1218.05,8.94e-06
2022-11-14 21:10:00,1217.92,8.93e-06
2022-11-14 21:15:00,1219.35,8.96e-06
2022-11-14 21:20:00,1223.18,8.98e-06
2022-11-14 21:25:00,1223.21,8.97e-06
2022-11-14 21:30:00,1223.12,8.97e-06
2022-11-14 21:35:00,1224.52,8.97e-06
2022-11-14 21:40:00,1225.44,8.98e-06
2022-11-14 21:45:00,1226.39,8.98e-06
2022-11-14 21:50:00,1224.6,8.97e-06
2022-11-14 21:55:00,1227.78,9.01e-06
2022-11-14 22:00:00,1227.5,9.01e-06
2022-11-14 22:05:00,1227.45,9.03e-06
2022-11-14 22:10:00,1225.69,9.01e-06
2022-11-14 22:15:00,1225.55,9.01e-06
2022-11-14 22:20:00,1226.24,9.01e-06
2022-11-14 22:25:00,1226.06,9.01e-06
2022-11-14 22:30:00,1223.45,9e-06
2022-11-14 22:35:00,1219.1,8.97e-06
2022-11-14 22:40:00,1219.83,8.99e-06
2022-11-14 22:45:00,1216.93,8.97e-06
2022-11-14 22:50:00,1224.2,9e-06
2022-11-14 22:55:00,1223.42,8.99e-06
2022-11-14 23:00:00,1220.0,8.99e-06
2022-11-14 23:05:00,1225.1,9e-06
2022-11-14 23:10:00,1235.1,9.05e-06
2022-11-14 23:15:00,1232.96,9.04e-06
2022-11-14 23:20:00,1240.47,9.09e-06
2022-11-14 23:25:00,1239.53,9.08e-06
2022-11-14 23:30:00,1238.73,9.08e-06
2022-11-14 23:35:00,1244.72,9.11e-06
2022-11-14 23:40:00,1244.69,9.09e-06
2022-11-14 23:45:00,1247.17,9.11e-06
2022-11-14 23:50:00,1244.58,9.08e-06
2022-11-14 23:55:00,1242.46,9.09e-06
2022-11-15 00:00:00,1243.29,9.09e-06
2022-11-15 00:05:00,1246.21,9.12e-06
2022-11-15 00:10:00,1243.95,9.12e-06
2022-11-15 00:15:00,1242.65,9.1e-06
2022-11-15 00:20:00,1241.63,9.09e-06
2022-11-15 00:25:00,1244.58,9.13e-06
2022-11-15 00:30:00,1247.13,9.13e-06
2022-11-15 00:35:00,1247.47,9.09e-06
2022-11-15 00:40:00,1244.88,9.08e-06
2022-11-15 00:45:00,1244.66,9.07e-06
2022-11-15 00:50:00,1243.19,9.08e-06
2022-11-15 00:55:00,1241.62,9.03e-06
2022-11-15 01:00:00,1241.24,9.04e-06
2022-11-15 01:05:00,1240.37,9.04e-06
2022-11-15 01:10:00,1241.13,9.05e-06
2022-11-15 01:15:00,1240.43,9.05e-06
2022-11-15 01:20:00,1243.88,9.09e-06
2022-11-15 01:25:00,1246.16,9.11e-06
2022-11-15 01:30:00,1245.39,9.1e-06
2022-11-15 01:35:00,1245.59,9.11e-06
2022-11-15 01:40:00,1248.42,9.12e-06
2022-11-15 01:45:00,1252.67,9.13e-06
2022-11-15 01:50:00,1259.35,9.15e-06
2022-11-15 01:55:00,1261.5,9.14e-06
2022-11-15 02:00:00,1258.33,9.12e-06
2022-11-15 02:05:00,1261.83,9.17e-06
2022-11-15 02:10:00,1263.27,9.14e-06
2022-11-15 02:15:00,1265.57,9.16e-06
2022-11-15 02:20:00,1259.27,9.14e-06
2022-11-15 02:25:00,1260.37,9.15e-06
2022-11-15 02:30:00,1259.43,9.17e-06
2022-11-15 02:35:00,1261.58,9.16e-06
2022-11-15 02:40:00,1264.79,9.18e-06
2022-11-15 02:45:00,1261.0,9.15e-06
2022-11-15 02:50:00,1260.0,9.15e-06
2022-11-15 02:55:00,1259.17,9.14e-06
2022-11-15 03:00:00,1259.35,9.15e-06
2022-11-15 03:05:00,1263.24,9.18e-06
2022-11-15 03:10:00,1264.23,9.19e-06
2022-11-15 03:15:00,1261.55,9.18e-06
2022-11-15 03:20:00,1261.85,9.19e-06
2022-11-15 03:25:00,1259.67,9.15e-06
2022-11-15 03:30:00,1259.27,9.16e-06
2022-11-15 03:35:00,1260.27,9.21e-06
2022-11-15 03:40:00,1258.69,9.19e-06
2022-11-15 03:45:00,1257.34,9.19e-06
2022-11-15 03:50:00,1255.54,9.18e-06
2022-11-15 03:55:00,1254.96,9.16e-06
2022-11-15 04:00:00,1256.53,9.18e-06
2022-11-15 04:05:00,1255.3,9.14e-06
2022-11-15 04:10:00,1257.76,9.16e-06
2022-11-15 04:15:00,1259.0,9.17e-06
2022-11-15 04:20:00,1257.19,9.16e-06
2022-11-15 04:25:00,1253.42,9.15e-06
2022-11-15 04:30:00,1254.2,9.14e-06
2022-11-15 04:35:00,1255.24,9.14e-06
2022-11-15 04:40:00,1253.31,9.13e-06
2022-11-15 04:45:00,1254.57,9.15e-06
2022-11-15 04:50:00,1255.45,9.14e-06
2022-11-15 04:55:00,1256.49,9.15e-06
2022-11-15 05:00:00,1258.13,9.14e-06
2022-11-15 05:05:00,1260.87,9.15e-06
2022-11-15 05:10:00,1261.7,9.16e-06
2022-11-15 05:15:00,1259.71,9.15e-06
2022-11-15 05:20:00,1261.78,9.16e-06
2022-11-15 05:25:00,1260.7,9.15e-06
2022-11-15 05:30:00,1256.64,9.17e-06
2022-11-15 05:35:00,1253.05,9.14e-06
2022-11-15 05:40:00,1254.92,9.13e-06
2022-11-15 05:45:00,1249.26,9.1e-06
2022-11-15 05:50:00,1253.02,9.13e-06
2022-11-15 05:55:00,1251.82,9.11e-06
2022-11-15 06:00:00,1248.39,9.09e-06
2022-11-15 06:05:00,1250.53,9.11e-06
2022-11-15 06:10:00,1252.45,9.12e-06
2022-11-15 06:15:00,1250.65,9.12e-06
2022-11-15 06:20:00,1252.3,9.12e-06
2022-11-15 06:25:00,1252.41,9.13e-06
2022-11-15 06:30:00,1254.67,9.13e-06
2022-11-15 06:35:00,1253.81,9.13e-06
2022-11-15 06:40:00,1252.47,9.11e-06
2022-11-15 06:45:00,1254.69,9.1e-06
2022-11-15 06:50:00,1254.55,9.1e-06
2022-11-15 06:55:00,1256.05,9.11e-06
2022-11-15 07:00:00,1257.0,9.11e-06
2022-11-15 07:05:00,1256.03,9.09e-06
2022-11-15 07:10:00,1257.44,9.1e-06
2022-11-15 07:15:00,1263.69,9.16e-06
2022-11-15 07:20:00,1271.82,9.21e-06
2022-11-15 07:25:00,1271.09,9.2e-06
2022-11-15 07:30:00,1267.02,9.17e-06
2022-11-15 07:35:00,1267.54,9.18e-06
2022-11-15 07:40:00,1266.05,9.18e-06
2022-11-15 07:45:00,1268.86,9.19e-06
2022-11-15 07:50:00,1271.42,9.22e-06
2022-11-15 07:55:00,1267.16,9.21e-06
2022-11-15 08:00:00,1266.33,9.22e-06
2022-11-15 08:05:00,1265.66,9.2e-06
2022-11-15 08:10:00,1263.81,9.17e-06
2022-11-15 08:15:00,1266.01,9.19e-06
2022-11-15 08:20:00,1270.97,9.2e-06
2022-11-15 08:25:00,1274.13,9.24e-06
2022-11-15 08:30:00,1276.21,9.23e-06
2022-11-15 08:35:00,1274.23,9.23e-06
2022-11-15 08:40:00,1274.0,9.23e-06
2022-11-15 08:45:00,1273.85,9.23e-06
2022-11-15 08:50:00,1273.13,9.25e-06
2022-11-15 08:55:00,1273.14,9.24e-06
2022-11-15 09:00:00,1274.31,9.26e-06
2022-11-15 09:05:00,1273.43,9.22e-06
2022-11-15 09:10:00,1275.35,9.24e-06
2022-11-15 09:15:00,1276.19,9.23e-06
2022-11-15 09:20:00,1273.21,9.22e-06
2022-11-15 09:25:00,1269.66,9.18e-06
2022-11-15 09:30:00,1268.99,9.17e-06
2022-11-15 09:35:00,1263.63,9.15e-06
2022-11-15 09:40:00,1259.38,9.14e-06
2022-11-15 09:45:00,1259.5,9.14e-06
2022-11-15 09:50:00,1256.54,9.13e-06
2022-11-15 09:55:00,1260.59,9.19e-06
2022-11-15 10:00:00,1260.16,9.19e-06
2022-11-15 10:05:00,1262.29,9.18e-06
2022-11-15 10:10:00,1260.23,9.16e-06
2022-11-15 10:15:00,1260.27,9.16e-06
2022-11-15 10:20:00,1260.26,9.16e-06
2022-11-15 10:25:00,1259.72,9.14e-06
2022-11-15 10:30:00,1259.12,9.15e-06
2022-11-15 10:35:00,1256.08,9.15e-06
2022-11-15 10:40:00,1262.1,9.18e-06
2022-11-15 10:45:00,1263.88,9.19e-06
2022-11-15 10:50:00,1262.2,9.2e-06
2022-11-15 10:55:00,1262.77,9.2e-06
2022-11-15 11:00:00,1266.99,9.21e-06
2022-11-15 11:05:00,1271.05,9.24e-06
2022-11-15 11:10:00,1268.81,9.21e-06
2022-11-15 11:15:00,1266.27,9.2e-06
2022-11-15 11:20:00,1258.07,9.15e-06
2022-11-15 11:25:00,1258.91,9.17e-06
2022-11-15 11:30:00,1257.45,9.16e-06
2022-11-15 11:35:00,1260.8,9.19e-06
2022-11-15 11:40:00,1258.72,9.18e-06
2022-11-15 11:45:00,1260.25,9.19e-06
2022-11-15 11:50:00,1261.73,9.18e-06
2022-11-15 11:55:00,1261.88,9.19e-06
2022-11-15 12:00:00,1260.37,9.18e-06
2022-11-15 12:05:00,1258.25,9.17e-06
2022-11-15 12:10:00,1261.63,9.2e-06
2022-11-15 12:15:00,1264.48,9.23e-06
2022-11-15 12:20:00,1265.99,9.23e-06
2022-11-15 12:25:00,1264.52,9.21e-06
2022-11-15 12:30:00,1265.01,9.21e-06
2022-11-15 12:35:00,1263.76,9.21e-06
2022-11-15 12:40:00,1264.84,9.2e-06
2022-11-15 12:45:00,1265.49,9.2e-06
2022-11-15 12:50:00,1266.81,9.2e-06
2022-11-15 12:55:00,1267.31,9.2e-06
2022-11-15 13:00:00,1267.32,9.2e-06
2022-11-15 13:05:00,1269.56,9.22e-06
2022-11-15 13:10:00,1272.82,9.22e-06
2022-11-15 13:15:00,1270.95,9.22e-06
2022-11-15 13:20:00,1271.14,9.2e-06
2022-11-15 13:25:00,1268.91,9.19e-06
2022-11-15 13:30:00,1273.45,9.24e-06
2022-11-15 13:35:00,1283.65,9.32e-06
2022-11-15 13:40:00,1275.66,9.28e-06
2022-11-15 13:45:00,1276.65,9.32e-06
2022-11-15 13:50:00,1274.81,9.3e-06
2022-11-15 13:55:00,1273.2,9.3e-06
2022-11-15 14:00:00,1277.85,9.33e-06
2022-11-15 14:05:00,1274.96,9.3e-06
2022-11-15 14:10:00,1273.52,9.28e-06
2022-11-15 14:15:00,1271.39,9.28e-06
2022-11-15 14:20:00,1268.93,9.24e-06
2022-11-15 14:25:00,1272.47,9.27e-06
2022-11-15 14:30:00,1273.47,9.27e-06
2022-11-15 14:35:00,1274.03,9.29e-06
2022-11-15 14:40:00,1269.1,9.25e-06
2022-11-15 14:45:00,1264.01,9.24e-06
2022-11-15 14:50:00,1261.37,9.21e-06
2022-11-15 14:55:00,1262.52,9.23e-06
2022-11-15 15:00:00,1267.52,9.24e-06
2022-11-15 15:05:00,1268.03,9.25e-06
2022-11-15 15:10:00,1264.32,9.23e-06
2022-11-15 15:15:00,1262.78,9.22e-06
2022-11-15 15:20:00,1264.22,9.25e-06
2022-11-15 15:25:00,1265.39,9.26e-06
2022-11-15 15:30:00,1267.57,9.25e-06
2022-11-15 15:35:00,1270.13,9.32e-06
2022-11-15 15:40:00,1273.83,9.41e-06
2022-11-15 15:45:00,1275.36,9.41e-06
2022-11-15 15:50:00,1269.11,9.36e-06
2022-11-15 15:55:00,1265.54,9.36e-06
2022-11-15 16:00:00,1264.36,9.34e-06
2022-11-15 16:05:00,1262.1,9.34e-06
2022-11-15 16:10:00,1265.19,9.36e-06
2022-11-15 16:15:00,1266.58,9.38e-06
2022-11-15 16:20:00,1267.48,9.38e-06
2022-11-15 16:25:00,1267.37,9.39e-06
2022-11-15 16:30:00,1264.45,9.33e-06
2022-11-15 16:35:00,1269.16,9.36e-06
2022-11-15 16:40:00,1266.22,9.34e-06
2022-11-15 16:45:00,1260.93,9.32e-06
2022-11-15 16:50:00,1262.28,9.35e-06
2022-11-15 16:55:00,1264.71,9.34e-06
2022-11-15 17:00:00,1267.85,9.38e-06
2022-11-15 17:05:00,1266.68,9.46e-06
2022-11-15 17:10:00,1269.52,9.47e-06
2022-11-15 17:15:00,1268.9,9.45e-06
2022-11-15 17:20:00,1268.38,9.44e-06
2022-11-15 17:25:00,1268.75,9.45e-06
2022-11-15 17:30:00,1270.24,9.44e-06
2022-11-15 17:35:00,1271.09,9.43e-06
2022-11-15 17:40:00,1271.6,9.44e-06
2022-11-15 17:45:00,1270.5,9.42e-06
2022-11-15 17:50:00,1269.77,9.41e-06
2022-11-15 17:55:00,1267.69,9.4e-06
2022-11-15 18:00:00,1267.08,9.41e-06
2022-11-15 18:05:00,1265.86,9.4e-06
2022-11-15 18:10:00,1263.34,9.38e-06
2022-11-15 18:15:00,1263.79,9.35e-06
2022-11-15 18:20:00,1260.45,9.32e-06
2022-11-15 18:25:00,1259.07,9.31e-06
2022-11-15 18:30:00,1252.09,9.27e-06
2022-11-15 18:35:00,1242.85,9.22e-06
2022-11-15 18:40:00,1238.47,9.18e-06
2022-11-15 18:45:00,1239.55,9.2e-06
2022-11-15 18:50:00,1241.63,9.2e-06
2022-11-15 18:55:00,1242.51,9.2e-06
2022-11-15 19:00:00,1243.57,9.21e-06
2022-11-15 19:05:00,1236.01,9.17e-06
2022-11-15 19:10:00,1240.23,9.2e-06
2022-11-15 19:15:00,1246.26,9.24e-06
2022-11-15 19:20:00,1247.62,9.28e-06
2022-11-15 19:25:00,1249.55,9.27e-06
2022-11-15 19:30:00,1250.13,9.26e-06
2022-11-15 19:35:00,1246.4,9.24e-06
2022-11-15 19:40:00,1250.04,9.25e-06
2022-11-15 19:45:00,1251.55,9.26e-06
2022-11-15 19:50:00,1250.4,9.24e-06
2022-11-15 19:55:00,1250.56,9.22e-06
2022-11-15 20:00:00,1257.29,9.25e-06
2022-11-15 20:05:00,1261.68,9.28e-06
2022-11-15 20:10:00,1258.0,9.27e-06
2022-11-15 20:15:00,1254.82,9.24e-06
2022-11-15 20:20:00,1253.11,9.23e-06
2022-11-15 20:25:00,1253.46,9.22e-06
2022-11-15 20:30:00,1253.17,9.2e-06
2022-11-15 20:35:00,1249.12,9.17e-06
2022-11-15 20:40:00,1251.53,9.2e-06
2022-11-15 20:45:00,1251.99,9.2e-06
2022-11-15 20:50:00,1252.56,9.22e-06
2022-11-15 20:55:00,1252.13,9.2e-06
2022-11-15 21:00:00,1253.62,9.2e-06
2022-11-15 21:05:00,1254.42,9.22e-06
2022-11-15 21:10:00,1249.65,9.2e-06
2022-11-15 21:15:00,1249.37,9.18e-06
2022-11-15 21:20:00,1249.54,9.21e-06
2022-11-15 21:25:00,1249.24,9.22e-06
2022-11-15 21:30:00,1248.42,9.22e-06
2022-11-15 21:35:00,1242.86,9.21e-06
2022-11-15 21:40:00,1247.06,9.23e-06
2022-11-15 21:45:00,1245.71,9.23e-06
2022-11-15 21:50:00,1244.63,9.24e-06
2022-11-15 21:55:00,1247.48,9.25e-06
2022-11-15 22:00:00,1247.26,9.27e-06
2022-11-15 22:05:00,1247.0,9.26e-06
2022-11-15 22:10:00,1248.49,9.26e-06
2022-11-15 22:15:00,1249.3,9.25e-06
2022-11-15 22:20:00,1248.91,9.26e-06
2022-11-15 22:25:00,1246.47,9.27e-06
2022-11-15 22:30:00,1245.23,9.26e-06
2022-11-15 22:35:00,1246.53,9.27e-06
2022-11-15 22:40:00,1245.82,9.26e-06
2022-11-15 22:45:00,1243.75,9.25e-06
2022-11-15 22:50:00,1244.49,9.25e-06
2022-11-15 22:55:00,1247.84,9.27e-06
2022-11-15 23:00:00,1245.87,9.25e-06
2022-11-15 23:05:00,1244.2,9.23e-06
2022-11-15 23:10:00,1245.36,9.21e-06
2022-11-15 23:15:00,1250.22,9.25e-06
2022-11-15 23:20:00,1251.35,9.26e-06
2022-11-15 23:25:00,1248.29,9.24e-06
2022-11-15 23:30:00,1249.75,9.25e-06
2022-11-15 23:35:00,1250.97,9.25e-06
2022-11-15 23:40:00,1250.63,9.26e-06
2022-11-15 23:45:00,1252.22,9.27e-06
2022-11-15 23:50:00,1251.35,9.28e-06
2022-11-15 23:55:00,1252.7,9.27e-06
2022-11-16 00:00:00,1253.22,9.27e-06
2022-11-16 00:05:00,1253.45,9.28e-06
2022-11-16 00:10:00,1252.91,9.26e-06
2022-11-16 00:15:00,1250.01,9.23e-06
2022-11-16 00:20:00,1253.85,9.26e-06
2022-11-16 00:25:00,1249.08,9.21e-06
2022-11-16 00:30:00,1250.43,9.21e-06
2022-11-16 00:35:00,1251.44,9.18e-06
2022-11-16 00:40:00,1253.21,9.21e-06
2022-11-16 00:45:00,1253.0,9.22e-06
2022-11-16 00:50:00,1256.43,9.24e-06
2022-11-16 00:55:00,1255.51,9.24e-06
2022-11-16 01:00:00,1252.29,9.2e-06
2022-11-16 01:05:00,1254.83,9.22e-06
2022-11-16 01:10:00,1257.52,9.24e-06
2022-11-16 01:15:00,1257.1,9.25e-06
2022-11-16 01:20:00,1256.97,9.26e-06
2022-11-16 01:25:00,1258.45,9.28e-06
2022-11-16 01:30:00,1257.47,9.25e-06
2022-11-16 01:35:00,1259.3,9.27e-06
2022-11-16 01:40:00,1258.69,9.26e-06
2022-11-16 01:45:00,1257.48,9.22e-06
2022-11-16 01:50:00,1257.09,9.21e-06
2022-11-16 01:55:00,1258.67,9.22e-06
2022-11-16 02:00:00,1261.15,9.22e-06
2022-11-16 02:05:00,1257.74,9.22e-06
2022-11-16 02:10:00,1259.13,9.23e-06
2022-11-16 02:15:00,1261.46,9.26e-06
2022-11-16 02:20:00,1262.23,9.26e-06
2022-11-16 02:25:00,1263.57,9.27e-06
2022-11-16 02:30:00,1262.71,9.27e-06
2022-11-16 02:35:00,1265.34,9.29e-06
2022-11-16 02:40:00,1262.91,9.29e-06
2022-11-16 02:45:00,1263.26,9.3e-06
2022-11-16 02:50:00,1260.31,9.27e-06
2022-11-16 02:55:00,1260.21,9.28e-06
2022-11-16 03:00:00,1260.23,9.27e-06
2022-11-16 03:05:00,1260.67,9.29e-06
2022-11-16 03:10:00,1261.7,9.3e-06
2022-11-16 03:15:00,1262.95,9.3e-06
2022-11-16 03:20:00,1261.28,9.29e-06
2022-11-16 03:25:00,1260.52,9.3e-06
2022-11-16 03:30:00,1262.0,9.3e-06
2022-11-16 03:35:00,1262.69,9.31e-06
2022-11-16 03:40:00,1263.94,9.33e-06
2022-11-16 03:45:00,1265.22,9.34e-06
2022-11-16 03:50:00,1263.79,9.35e-06
2022-11-16 03:55:00,1264.61,9.37e-06
2022-11-16 04:00:00,1264.86,9.38e-06
2022-11-16 04:05:00,1262.99,9.35e-06
2022-11-16 04:10:00,1261.81,9.33e-06
2022-11-16 04:15:00,1261.12,9.33e-06
2022-11-16 04:20:00,1261.5,9.31e-06
2022-11-16 04:25:00,1257.99,9.3e-06
2022-11-16 04:30:00,1257.73,9.3e-06
2022-11-16 04:35:00,1258.15,9.31e-06
2022-11-16 04:40:00,1257.93,9.3e-06
2022-11-16 04:45:00,1257.28,9.29e-06
2022-11-16 04:50:00,1258.59,9.29e-06
2022-11-16 04:55:00,1258.06,9.29e-06
2022-11-16 05:00:00,1257.77,9.29e-06
2022-11-16 05:05:00,1255.98,9.29e-06
2022-11-16 05:10:00,1255.64,9.29e-06
2022-11-16 05:15:00,1255.69,9.27e-06
2022-11-16 05:20:00,1258.03,9.28e-06
2022-11-16 05:25:00,1258.45,9.3e-06
2022-11-16 05:30:00,1257.76,9.3e-06
2022-11-16 05:35:00,1256.59,9.29e-06
2022-11-16 05:40:00,1256.95,9.31e-06
2022-11-16 05:45:00,1256.31,9.3e-06
2022-11-16 05:50:00,1256.85,9.31e-06
2022-11-16 05:55:00,1256.58,9.31e-06
2022-11-16 06:00:00,1257.49,9.31e-06
2022-11-16 06:05:00,1259.75,9.35e-06
2022-11-16 06:10:00,1256.22,9.33e-06
2022-11-16 06:15:00,1251.8,9.3e-06
2022-11-16 06:20:00,1250.93,9.32e-06
2022-11-16 06:25:00,1248.4,9.31e-06
2022-11-16 06:30:00,1246.39,9.31e-06
2022-11-16 06:35:00,1246.54,9.32e-06
2022-11-16 06:40:00,1244.72,9.32e-06
2022-11-16 06:45:00,1243.67,9.31e-06
2022-11-16 06:50:00,1246.67,9.32e-06
2022-11-16 06:55:00,1248.09,9.36e-06
2022-11-16 07:00:00,1248.67,9.37e-06
2022-11-16 07:05:00,1249.97,9.41e-06
2022-11-16 07:10:00,1247.94,9.45e-06
2022-11-16 07:15:00,1245.28,9.44e-06
2022-11-16 07:20:00,1248.31,9.42e-06
2022-11-16 07:25:00,1248.47,9.46e-06
2022-11-16 07:30:00,1248.51,9.6e-06
2022-11-16 07:35:00,1249.2,9.51e-06
2022-11-16 07:40:00,1247.83,9.47e-06
2022-11-16 07:45:00,1248.86,9.48e-06
2022-11-16 07:50:00,1250.94,9.51e-06
2022-11-16 07:55:00,1249.75,9.61e-06
2022-11-16 08:00:00,1245.55,9.48e-06
2022-11-16 08:05:00,1247.05,9.45e-06
2022-11-16 08:10:00,1250.58,9.46e-06
2022-11-16 08:15:00,1243.87,9.5e-06
2022-11-16 08:20:00,1246.36,9.49e-06
2022-11-16 08:25:00,1243.47,9.48e-06
2022-11-16 08:30:00,1241.01,9.47e-06
2022-11-16 08:35:00,1238.82,9.4e-06
2022-11-16 08:40:00,1233.07,9.38e-06
2022-11-16 08:45:00,1233.92,9.36e-06
2022-11-16 08:50:00,1237.6,9.4e-06
2022-11-16 08:55:00,1238.22,9.4e-06
2022-11-16 09:00:00,1237.83,9.39e-06
