random_seed,AMM_fee,BA_fee,DA_fee,FX_fee,IMPROVED_AMM_fee,IMPROVED_BA_fee,IMPROVED_DA_fee,IMPROVED_FX_fee,IMPROVED_OB_fee,OB_fee
0,27.05,20.66,17.1,18.46,27.05,20.66,17.1,18.46,32.24,32.24
1,26.31,21.84,16.64,18.42,26.31,21.84,16.64,18.42,32.12,32.12
10,24.54,21.38,16.61,18.45,24.54,21.38,16.61,18.45,32.33,32.33
100,27.08,22.73,15.95,18.27,27.08,22.73,15.95,18.27,32.15,32.15
101,27.17,22.73,16.01,18.66,27.17,22.73,16.01,18.66,32.38,32.38
102,26.25,21.34,16.92,18.88,26.25,21.34,16.92,18.88,32.54,32.54
103,25.69,18.69,19.31,18.32,25.69,18.69,19.31,18.32,31.84,31.84
104,27.74,21.83,16.74,18.58,27.74,21.83,16.74,18.59,32.21,32.21
105,27.74,24.31,12.69,18.24,27.74,24.31,12.69,18.25,31.69,31.69
106,26.56,20.84,17.38,18.91,26.56,20.84,17.38,18.91,32.37,32.37
107,26.49,20.79,14.92,18.05,26.49,20.79,14.92,18.05,31.48,31.48
108,26.13,19.03,17.87,18.06,26.13,19.03,17.87,18.08,31.62,31.62
109,27.59,20.28,17.01,18.47,27.59,20.28,17.01,18.47,32.05,32.05
11,27.88,19.75,17.95,18.61,27.88,19.75,17.95,18.63,32.3,32.3
110,27.82,21.99,17.28,18.99,27.82,21.99,17.28,18.99,32.83,32.83
111,27.57,21.36,23.47,18.34,27.57,21.36,23.47,18.34,31.87,31.87
112,27.06,19.52,18.06,18.59,27.06,19.52,18.06,18.61,32.0,32.0
113,27.57,22.26,16.79,18.62,27.57,22.26,16.79,18.63,32.28,32.28
114,25.63,21.32,16.48,18.39,25.63,21.32,16.48,18.4,32.13,32.13
115,24.83,19.83,21.01,18.65,24.83,19.83,21.01,18.65,32.08,32.08
116,27.62,23.89,12.42,18.4,27.62,23.89,12.42,18.41,31.95,31.95
117,27.24,20.95,16.48,18.18,27.24,20.95,16.48,18.19,31.88,31.88
118,27.09,24.72,15.02,18.5,27.09,24.72,15.02,18.51,32.14,32.14
119,26.61,20.19,16.92,18.26,26.61,20.19,16.92,18.28,31.74,31.74
12,24.51,19.91,17.67,18.42,24.51,19.91,17.67,18.43,31.89,31.89
120,25.45,20.63,17.09,18.79,25.45,20.63,17.09,18.8,32.36,32.36
121,26.37,23.73,14.51,18.57,26.37,23.73,14.51,18.57,31.9,31.9
122,26.81,21.75,16.19,18.73,26.81,21.75,16.19,18.74,32.29,32.29
123,28.51,24.81,15.74,18.7,28.51,24.81,15.74,18.71,32.11,32.11
124,26.5,21.62,17.3,18.84,26.5,21.62,17.3,18.84,32.28,32.28
125,27.21,21.18,16.81,18.21,27.21,21.18,16.81,18.21,31.84,31.84
126,25.88,20.81,17.35,18.23,25.88,20.81,17.35,18.24,31.83,31.83
127,27.24,21.22,16.72,18.52,27.24,21.22,16.72,18.52,32.24,32.24
128,25.47,19.57,17.78,18.64,25.47,19.57,17.78,18.64,32.1,32.1
129,27.24,23.85,15.4,18.65,27.24,23.85,15.4,18.65,32.3,32.3
13,27.41,20.39,17.63,18.64,27.41,20.39,17.63,18.64,32.29,32.29
130,27.59,23.1,23.13,18.36,27.59,23.1,23.13,18.36,31.91,31.91
131,28.13,22.23,16.2,18.18,28.13,22.23,16.2,18.18,31.75,31.75
132,25.17,18.88,17.21,18.24,25.17,18.88,17.21,18.24,31.81,31.81
133,27.25,22.93,16.31,18.61,27.25,22.93,16.31,18.61,32.32,32.32
134,26.54,24.84,15.33,18.52,26.54,24.84,15.33,18.52,31.84,31.84
135,27.02,22.67,16.6,18.55,27.02,22.67,16.6,18.55,31.97,31.97
136,26.97,21.83,16.43,18.19,26.97,21.83,16.43,18.21,31.81,31.81
137,27.61,22.93,15.73,17.99,27.61,22.93,15.73,18.0,31.39,31.39
138,25.28,20.33,17.25,18.6,25.28,20.33,17.25,18.6,32.38,32.38
139,26.63,21.61,17.11,18.69,26.63,21.61,17.11,18.69,32.44,32.44
14,27.55,19.75,16.84,18.06,27.55,19.75,16.84,18.06,31.68,31.68
140,26.73,22.82,16.31,18.53,26.73,22.82,16.31,18.53,32.52,32.52
141,25.82,22.38,16.39,18.42,25.82,22.38,16.39,18.42,31.99,31.99
142,26.49,21.03,17.15,18.61,26.49,21.03,17.15,18.61,31.96,31.96
143,27.22,21.17,16.9,18.37,27.22,21.17,16.9,18.38,31.94,31.94
144,24.86,18.37,18.11,18.51,24.86,18.37,18.11,18.51,31.98,31.98
145,25.51,19.4,20.7,18.2,25.51,19.4,20.7,18.2,32.0,32.0
146,25.34,18.92,18.18,18.6,25.34,18.92,18.18,18.61,32.06,32.06
147,26.67,20.24,16.67,18.26,26.67,20.24,16.67,18.27,32.28,32.28
148,26.33,20.61,17.42,18.77,26.33,20.61,17.42,18.78,32.18,32.18
149,26.04,21.39,17.13,18.42,26.04,21.39,17.13,18.42,31.76,31.76
15,26.32,19.77,20.2,18.16,26.32,19.77,20.2,18.17,31.84,31.84
150,27.32,20.51,16.91,18.23,27.32,20.51,16.91,18.23,32.06,32.06
151,26.37,20.64,17.57,18.62,26.37,20.64,17.57,18.62,32.06,32.06
152,27.81,19.35,17.96,18.18,27.81,19.35,17.96,18.19,31.61,31.61
153,27.26,22.87,16.61,18.58,27.26,22.87,16.61,18.58,31.89,31.89
154,26.21,20.96,17.1,18.78,26.21,20.96,17.1,18.78,32.26,32.26
155,25.94,20.46,17.82,18.71,25.94,20.46,17.82,18.71,32.37,32.37
156,27.45,21.11,17.26,18.72,27.45,21.11,17.26,18.72,32.34,32.34
157,24.39,19.42,17.29,18.36,24.39,19.42,17.29,18.36,31.66,31.66
158,28.28,22.76,16.54,18.72,28.28,22.76,16.54,18.72,32.37,32.37
159,28.26,24.81,14.8,18.77,28.26,24.81,14.8,18.78,32.43,32.43
16,25.53,20.82,16.81,18.23,25.53,20.82,16.81,18.24,32.2,32.2
160,25.85,22.6,16.4,18.37,25.85,22.6,16.4,18.38,32.19,32.19
161,26.12,19.43,17.64,18.26,26.12,19.43,17.64,18.28,31.76,31.76
162,27.43,20.83,16.87,18.46,27.43,20.83,16.87,18.46,31.9,31.9
163,25.23,21.83,17.17,18.64,25.23,21.83,17.17,18.65,32.2,32.2
164,24.87,21.05,16.51,18.45,24.87,21.05,16.51,18.46,32.05,32.05
165,26.66,21.07,16.04,18.58,26.66,21.07,16.04,18.6,32.3,32.3
166,25.74,19.95,17.76,18.42,25.74,19.95,17.76,18.46,31.98,31.98
167,26.67,20.14,18.26,18.54,26.67,20.14,18.26,18.54,31.94,31.94
168,27.52,21.17,23.29,18.3,27.52,21.17,23.29,18.33,31.62,31.62
169,26.01,21.75,16.79,18.65,26.01,21.75,16.79,18.65,31.89,31.89
17,25.93,22.31,16.56,18.54,25.93,22.31,16.56,18.56,31.93,31.93
170,28.05,22.17,16.23,18.43,28.05,22.17,16.23,18.44,31.96,31.96
171,26.43,19.64,19.07,18.58,26.43,19.64,19.07,18.58,31.96,31.96
172,26.28,20.01,18.47,18.61,26.28,20.01,18.47,18.61,32.19,32.19
173,26.25,21.9,16.3,18.19,26.25,21.9,16.3,18.2,31.89,31.89
174,27.44,22.69,16.22,18.43,27.44,22.69,16.22,18.43,32.07,32.07
175,25.47,18.2,18.14,18.34,25.47,18.2,18.14,18.34,31.77,31.77
176,26.36,20.84,16.9,17.92,26.36,20.84,16.9,17.94,31.61,31.61
177,24.33,19.18,17.8,18.31,24.33,19.18,17.8,18.31,31.89,31.89
178,25.8,22.59,15.76,18.54,25.8,22.59,15.76,18.58,31.99,31.99
179,26.92,18.59,17.37,18.25,26.92,18.59,17.37,18.25,31.79,31.79
18,26.92,22.12,16.81,18.63,26.92,22.12,16.81,18.63,32.18,32.18
180,26.6,20.94,17.14,18.48,26.6,20.94,17.14,18.49,32.07,32.07
181,25.65,21.39,21.92,18.55,25.65,21.39,21.92,18.55,32.13,32.13
182,26.0,22.4,16.89,18.58,26.0,22.4,16.89,18.58,32.22,32.22
183,29.91,22.49,17.44,18.75,29.91,22.49,17.44,18.75,32.44,32.44
184,27.19,23.56,16.42,18.84,27.19,23.56,16.42,18.85,32.2,32.2
185,27.83,23.01,16.33,18.6,27.83,23.01,16.33,18.6,32.14,32.14
186,26.22,19.67,21.37,18.58,26.22,19.67,21.37,18.58,31.95,31.95
187,27.6,21.99,14.93,18.49,27.6,21.99,14.93,18.5,32.12,32.12
188,27.28,22.67,15.49,18.69,27.28,22.67,15.49,18.7,32.2,32.2
189,28.71,23.09,24.39,18.65,28.71,23.09,24.39,18.65,32.16,32.16
19,26.27,21.04,16.97,18.39,26.27,21.04,16.97,18.41,31.79,31.79
190,26.35,19.33,17.64,18.23,26.35,19.33,17.64,18.24,32.16,32.16
191,26.65,22.03,16.59,18.45,26.65,22.03,16.59,18.45,32.14,32.14
192,25.54,19.58,17.36,18.1,25.54,19.58,17.36,18.11,31.52,31.52
193,27.31,21.06,16.96,18.37,27.31,21.06,16.96,18.37,32.15,32.15
194,26.87,23.76,16.78,18.98,26.87,23.76,16.78,18.98,32.38,32.38
195,26.9,23.78,16.02,18.57,26.9,23.78,16.02,18.57,31.96,31.96
196,26.38,21.12,19.73,18.0,26.38,21.12,19.73,18.0,31.59,31.59
197,28.26,20.83,17.34,18.66,28.26,20.83,17.34,18.66,32.15,32.15
198,26.36,19.56,17.85,18.2,26.36,19.56,17.85,18.2,31.88,31.88
199,29.01,24.27,16.03,18.73,29.01,24.27,16.03,18.73,32.46,32.46
2,27.35,21.89,16.62,18.11,27.35,21.89,16.62,18.14,31.7,31.7
20,28.23,21.5,23.32,18.48,28.23,21.5,23.32,18.49,32.17,32.17
200,27.65,23.95,15.3,18.52,27.65,23.95,15.3,18.53,32.22,32.22
201,27.5,21.48,15.31,18.5,27.5,21.48,15.31,18.53,32.07,32.07
202,25.91,23.77,16.29,18.9,25.91,23.77,16.29,18.9,32.3,32.3
203,24.16,20.16,17.82,18.46,24.16,20.16,17.82,18.48,31.87,31.87
204,26.66,20.31,16.6,17.89,26.66,20.31,16.6,17.9,31.66,31.66
205,28.93,22.4,16.16,18.5,28.93,22.4,16.16,18.51,32.27,32.27
206,25.59,21.24,16.39,18.37,25.59,21.24,16.39,18.37,31.82,31.82
207,27.08,21.37,17.23,18.69,27.08,21.37,17.23,18.69,32.24,32.24
208,26.56,22.04,14.62,18.38,26.56,22.04,14.62,18.4,32.01,32.01
209,28.28,24.18,16.16,18.59,28.28,24.18,16.16,18.6,32.42,32.42
21,24.24,20.28,18.04,18.36,24.24,20.28,18.04,18.36,31.95,31.95
210,26.28,21.43,17.45,18.78,26.28,21.43,17.45,18.78,32.25,32.25
211,26.08,18.83,18.06,18.51,26.08,18.83,18.06,18.51,32.07,32.07
212,27.17,21.54,16.99,18.41,27.17,21.54,16.99,18.43,31.93,31.93
213,26.3,18.5,20.68,18.06,26.3,18.5,20.68,18.06,31.83,31.83
214,27.04,21.94,16.26,18.52,27.04,21.94,16.26,18.52,31.99,31.99
215,26.73,22.09,16.68,18.53,26.73,22.09,16.68,18.53,32.15,32.15
216,28.9,21.09,17.9,18.86,28.9,21.09,17.9,18.86,32.34,32.34
217,29.0,23.28,16.35,18.76,29.0,23.28,16.35,18.76,32.4,32.4
218,26.13,20.22,17.05,18.17,26.13,20.22,17.05,18.17,31.91,31.91
219,28.59,21.45,23.12,18.47,28.59,21.45,23.12,18.47,32.18,32.18
22,26.21,21.26,14.83,18.2,26.21,21.26,14.83,18.2,31.87,31.87
220,26.04,19.89,17.55,18.57,26.04,19.89,17.55,18.58,32.36,32.36
221,26.03,20.32,16.58,18.44,26.03,20.32,16.58,18.44,32.09,32.09
222,25.53,21.26,17.12,18.66,25.53,21.26,17.12,18.67,32.19,32.19
223,26.81,21.37,15.44,18.11,26.81,21.37,15.44,18.15,31.83,31.83
224,27.07,24.59,14.99,18.81,27.07,24.59,14.99,18.81,32.38,32.38
225,26.69,20.38,16.99,18.32,26.69,20.38,16.99,18.33,31.96,31.96
226,25.68,18.91,17.85,18.38,25.68,18.91,17.85,18.39,32.01,32.01
227,27.09,20.74,16.16,18.34,27.09,20.74,16.16,18.34,32.03,32.03
228,25.81,19.94,16.91,18.21,25.81,19.94,16.91,18.22,31.86,31.86
229,25.02,21.92,16.73,18.57,25.02,21.92,16.73,18.57,32.03,32.03
23,25.35,19.05,18.89,18.16,25.35,19.05,18.89,18.17,31.61,31.61
230,28.03,24.18,14.46,18.4,28.03,24.18,14.46,18.42,32.08,32.08
231,26.32,19.76,16.28,17.91,26.32,19.76,16.28,17.92,31.73,31.73
232,28.64,21.94,16.86,18.55,28.64,21.94,16.86,18.56,32.2,32.2
233,26.47,19.47,18.19,18.4,26.47,19.47,18.19,18.41,31.84,31.84
234,25.06,17.87,18.08,18.31,25.06,17.87,18.08,18.32,31.89,31.89
235,24.62,20.98,16.29,18.36,24.62,20.98,16.29,18.37,31.94,31.94
236,24.96,18.17,18.55,18.12,24.96,18.17,18.55,18.13,31.61,31.61
237,24.99,18.74,17.76,18.51,24.99,18.74,17.76,18.51,32.07,32.07
238,26.69,20.11,17.5,18.48,26.69,20.11,17.5,18.48,31.91,31.91
239,27.12,22.33,16.56,18.58,27.12,22.33,16.56,18.59,32.24,32.24
24,27.53,19.15,19.83,17.89,27.53,19.15,19.83,17.9,31.33,31.33
240,25.27,22.44,16.0,18.27,25.27,22.44,16.0,18.27,31.84,31.84
241,26.06,20.47,17.1,18.43,26.06,20.47,17.1,18.43,32.01,32.01
242,26.44,18.03,17.43,17.67,26.44,18.03,17.43,17.69,31.28,31.28
243,24.41,19.69,17.47,18.27,24.41,19.69,17.47,18.27,31.78,31.78
244,26.39,21.56,14.93,18.18,26.39,21.56,14.93,18.18,32.1,32.1
245,26.93,19.35,17.22,18.47,26.93,19.35,17.22,18.49,32.07,32.07
246,26.21,20.0,21.14,18.33,26.21,20.0,21.14,18.33,31.92,31.92
247,26.95,20.71,18.4,18.43,26.95,20.71,18.4,18.43,32.06,32.06
248,27.42,23.1,15.83,18.32,27.42,23.1,15.83,18.33,31.7,31.7
249,27.29,21.38,16.57,18.29,27.29,21.38,16.57,18.29,31.89,31.89
25,26.34,23.14,16.08,18.52,26.34,23.14,16.08,18.53,32.22,32.22
250,29.7,23.36,15.8,18.41,29.7,23.36,15.8,18.41,31.84,31.84
251,28.22,22.91,16.28,18.48,28.22,22.91,16.28,18.48,32.07,32.07
252,25.08,18.9,19.13,18.23,25.08,18.9,19.13,18.24,31.91,31.91
253,29.32,21.7,15.79,18.55,29.32,21.7,15.79,18.55,32.02,32.02
254,27.68,25.3,15.73,18.96,27.68,25.3,15.73,18.96,32.39,32.39
255,25.3,20.7,16.66,18.41,25.3,20.7,16.66,18.42,32.1,32.1
256,25.97,18.2,17.72,18.14,25.97,18.2,17.72,18.14,32.14,32.14
257,26.76,19.91,17.1,18.43,26.76,19.91,17.1,18.45,31.94,31.94
258,27.32,20.9,16.72,18.64,27.32,20.9,16.72,18.64,32.31,32.31
259,26.43,21.65,16.9,18.43,26.43,21.65,16.9,18.45,31.95,31.95
26,26.93,20.42,16.97,18.12,26.93,20.42,16.97,18.13,31.69,31.69
260,27.73,21.11,16.83,18.35,27.73,21.11,16.83,18.37,32.0,32.0
261,25.31,21.77,17.57,18.84,25.31,21.77,17.57,18.86,32.46,32.46
262,26.24,22.73,16.56,18.28,26.24,22.73,16.56,18.28,31.91,31.91
263,27.2,19.82,16.74,17.84,27.2,19.82,16.74,17.88,31.76,31.76
264,27.62,23.33,16.43,18.85,27.62,23.33,16.43,18.87,32.53,32.53
265,25.69,17.29,19.87,17.93,25.69,17.29,19.87,17.95,31.45,31.45
266,26.21,18.52,19.67,17.98,26.21,18.52,19.67,17.98,31.71,31.71
267,24.49,19.8,17.29,18.32,24.49,19.8,17.29,18.32,31.99,31.99
268,28.15,22.45,16.3,18.37,28.15,22.45,16.3,18.37,32.08,32.08
269,26.32,20.87,22.87,18.47,26.32,20.87,22.87,18.47,31.76,31.76
27,26.56,21.3,16.27,18.09,26.56,21.3,16.27,18.09,31.71,31.71
270,26.85,19.96,18.0,18.6,26.85,19.96,18.0,18.62,32.59,32.59
271,27.72,23.1,17.0,19.02,27.72,23.1,17.0,19.02,32.55,32.55
272,25.62,20.61,22.31,18.38,25.62,20.61,22.31,18.39,31.9,31.9
273,26.62,21.47,17.33,18.53,26.62,21.47,17.33,18.55,31.7,31.7
274,26.42,20.12,16.67,18.23,26.42,20.12,16.67,18.24,31.75,31.75
275,24.64,19.91,17.18,18.33,24.64,19.91,17.18,18.33,32.03,32.03
276,25.38,20.73,17.1,18.49,25.38,20.73,17.1,18.5,31.8,31.8
277,25.38,18.83,20.82,18.58,25.38,18.83,20.82,18.58,32.38,32.38
278,25.54,19.19,17.51,18.24,25.54,19.19,17.51,18.25,31.87,31.87
279,26.7,23.01,13.87,18.62,26.7,23.01,13.87,18.63,32.1,32.1
28,27.28,23.96,15.81,18.52,27.28,23.96,15.81,18.52,32.06,32.06
280,24.09,18.82,17.51,18.1,24.09,18.82,17.51,18.11,31.85,31.85
281,28.9,24.54,12.62,18.29,28.9,24.54,12.62,18.31,32.11,32.11
282,27.46,18.84,18.38,18.48,27.46,18.84,18.38,18.5,31.87,31.87
283,26.64,21.86,17.1,18.78,26.64,21.86,17.1,18.78,32.34,32.34
284,28.52,22.26,16.02,18.27,28.52,22.26,16.02,18.27,31.59,31.59
285,26.03,18.4,19.15,18.02,26.03,18.4,19.15,18.03,31.49,31.49
286,27.34,22.71,16.0,18.76,27.34,22.71,16.0,18.77,32.21,32.21
287,25.85,21.12,16.76,18.38,25.85,21.12,16.76,18.39,31.8,31.8
288,27.67,21.48,16.34,18.19,27.67,21.48,16.34,18.21,31.81,31.81
289,27.15,21.84,15.97,18.46,27.15,21.84,15.97,18.46,32.08,32.08
29,27.32,21.91,17.37,18.93,27.32,21.91,17.37,18.93,32.56,32.56
290,25.29,20.48,17.16,18.44,25.29,20.48,17.16,18.45,32.03,32.03
291,25.12,19.84,17.28,18.57,25.12,19.84,17.28,18.58,32.05,32.05
292,27.56,20.25,18.27,18.6,27.56,20.25,18.27,18.61,32.18,32.18
293,26.29,20.33,16.88,18.17,26.29,20.33,16.88,18.18,31.68,31.68
294,25.47,21.22,16.92,18.43,25.47,21.22,16.92,18.43,31.86,31.86
295,26.53,19.71,17.42,18.47,26.53,19.71,17.42,18.47,31.87,31.87
296,24.88,20.11,16.72,18.21,24.88,20.11,16.72,18.21,31.67,31.67
297,26.77,21.93,16.27,18.3,26.77,21.93,16.27,18.3,31.84,31.84
298,27.32,23.62,15.89,18.45,27.32,23.62,15.89,18.46,31.94,31.94
299,26.85,21.13,22.28,18.55,26.85,21.13,22.28,18.55,31.64,31.64
3,26.1,21.58,22.17,18.05,26.1,21.58,22.17,18.09,31.66,31.66
30,28.25,24.41,16.02,18.73,28.25,24.41,16.02,18.75,32.13,32.13
300,26.84,19.49,18.39,18.23,26.84,19.49,18.39,18.24,31.74,31.74
301,26.37,20.75,17.37,18.59,26.37,20.75,17.37,18.59,32.42,32.42
302,28.79,20.01,17.09,18.27,28.79,20.01,17.09,18.29,32.08,32.08
303,27.74,21.6,16.87,18.38,27.74,21.6,16.87,18.38,32.05,32.05
304,27.97,22.65,15.9,18.33,27.97,22.65,15.9,18.34,32.12,32.12
305,24.64,19.11,17.56,18.28,24.64,19.11,17.56,18.29,32.24,32.24
306,26.69,21.1,16.52,18.4,26.69,21.1,16.52,18.45,31.83,31.83
307,25.33,20.93,17.71,18.55,25.33,20.93,17.71,18.55,32.38,32.38
308,26.31,20.3,16.95,18.12,26.31,20.3,16.95,18.13,32.07,32.07
309,25.5,21.93,16.35,18.22,25.5,21.93,16.35,18.22,31.95,31.95
31,30.06,24.34,16.09,18.85,30.06,24.34,16.09,18.85,32.63,32.63
310,27.5,22.61,16.29,18.49,27.5,22.61,16.29,18.49,32.35,32.35
311,26.71,21.81,16.51,18.49,26.71,21.81,16.51,18.49,31.97,31.97
312,26.01,18.76,18.77,18.45,26.01,18.76,18.77,18.45,31.89,31.89
313,28.17,21.02,17.14,18.55,28.17,21.02,17.14,18.55,32.31,32.31
314,25.97,18.88,17.99,18.21,25.97,18.88,17.99,18.23,31.61,31.61
315,28.72,24.75,25.86,18.7,28.72,24.75,25.86,18.7,32.27,32.27
316,27.66,22.58,16.25,18.43,27.66,22.58,16.25,18.44,32.18,32.18
317,25.8,20.7,17.0,18.29,25.8,20.7,17.0,18.29,31.96,31.96
318,25.27,20.7,20.25,18.37,25.27,20.7,20.25,18.37,31.99,31.99
319,28.12,21.91,17.15,18.57,28.12,21.91,17.15,18.58,31.9,31.9
32,26.75,22.02,16.67,18.49,26.75,22.02,16.67,18.49,32.02,32.02
320,27.36,21.44,17.28,18.67,27.36,21.44,17.28,18.67,32.2,32.2
321,26.96,20.94,17.06,18.3,26.96,20.94,17.06,18.3,31.95,31.95
322,27.1,22.77,16.29,18.46,27.1,22.77,16.29,18.48,31.86,31.86
323,27.98,22.49,16.44,18.34,27.98,22.49,16.44,18.35,31.95,31.95
324,27.36,22.62,17.44,18.49,27.36,22.62,17.44,18.49,32.01,32.01
325,25.26,19.51,17.33,18.36,25.26,19.51,17.33,18.39,32.01,32.01
326,27.28,20.94,18.75,18.18,27.28,20.94,18.75,18.18,31.89,31.89
327,25.75,18.49,17.83,18.36,25.75,18.49,17.83,18.38,31.83,31.83
328,25.57,19.88,17.57,18.47,25.57,19.88,17.57,18.49,31.94,31.94
329,26.38,21.37,22.53,18.51,26.38,21.37,22.53,18.51,32.05,32.05
33,27.13,22.76,16.86,18.91,27.13,22.76,16.86,18.91,32.76,32.76
330,29.32,22.39,16.69,18.52,29.32,22.39,16.69,18.52,32.08,32.08
331,25.86,20.65,17.16,18.28,25.86,20.65,17.16,18.28,31.77,31.77
332,24.91,22.47,16.83,18.71,24.91,22.47,16.83,18.71,32.09,32.09
333,25.36,20.52,17.6,18.7,25.36,20.52,17.6,18.7,32.31,32.31
334,28.3,23.67,15.77,18.38,28.3,23.67,15.77,18.38,32.06,32.06
335,27.03,22.86,15.5,18.71,27.03,22.86,15.5,18.71,32.04,32.04
336,25.77,19.21,20.39,18.0,25.77,19.21,20.39,18.0,31.71,31.71
337,26.56,20.63,17.05,18.58,26.56,20.63,17.05,18.59,32.13,32.13
338,26.24,20.62,15.71,18.45,26.24,20.62,15.71,18.45,32.05,32.05
339,25.03,20.4,17.26,18.43,25.03,20.4,17.26,18.43,32.11,32.11
34,25.71,21.96,15.47,18.17,25.71,21.96,15.47,18.19,31.84,31.84
340,26.87,20.03,16.99,18.28,26.87,20.03,16.99,18.29,32.02,32.02
341,26.92,18.23,19.23,18.15,26.92,18.23,19.23,18.16,31.73,31.73
342,25.57,20.77,17.32,18.57,25.57,20.77,17.32,18.58,32.09,32.09
343,25.88,20.46,16.57,18.53,25.88,20.46,16.57,18.55,32.1,32.1
344,25.93,20.67,17.34,18.51,25.93,20.67,17.34,18.51,32.17,32.17
345,28.79,23.53,15.92,18.54,28.79,23.53,15.92,18.56,32.13,32.13
346,27.94,22.09,17.13,18.66,27.94,22.09,17.13,18.66,32.23,32.23
347,29.37,23.53,16.17,18.57,29.37,23.53,16.17,18.57,32.34,32.34
348,27.46,22.31,14.92,18.16,27.46,22.31,14.92,18.18,31.98,31.98
349,27.87,22.57,16.59,18.6,27.87,22.57,16.59,18.62,32.26,32.26
35,26.4,20.6,16.96,18.18,26.4,20.6,16.96,18.2,31.5,31.5
350,26.47,21.41,16.45,18.25,26.47,21.41,16.45,18.27,31.85,31.85
351,26.39,22.01,16.8,18.69,26.39,22.01,16.8,18.69,32.27,32.27
352,26.27,20.32,18.36,18.28,26.27,20.32,18.36,18.29,31.78,31.78
353,27.66,21.9,17.06,18.63,27.66,21.9,17.06,18.63,32.25,32.25
354,26.38,22.13,16.05,18.34,26.38,22.13,16.05,18.34,32.11,32.11
355,29.22,24.18,16.3,18.96,29.22,24.18,16.3,18.96,32.39,32.39
356,27.32,21.48,16.75,18.41,27.32,21.48,16.75,18.43,31.8,31.8
357,25.98,20.31,16.93,18.44,25.98,20.31,16.93,18.45,32.12,32.12
358,26.41,19.26,17.4,18.21,26.41,19.26,17.4,18.24,31.62,31.62
359,26.41,21.98,16.21,18.45,26.41,21.98,16.21,18.46,32.21,32.21
36,25.88,21.42,16.46,18.4,25.88,21.42,16.46,18.4,32.14,32.14
360,25.9,20.98,17.14,18.42,25.9,20.98,17.14,18.42,31.92,31.92
361,26.21,20.45,16.25,18.11,26.21,20.45,16.25,18.14,31.68,31.68
362,25.79,21.65,16.91,18.68,25.79,21.65,16.91,18.68,32.19,32.19
363,27.01,21.06,17.6,18.66,27.01,21.06,17.6,18.66,32.16,32.16
364,25.4,19.96,17.03,18.58,25.4,19.96,17.03,18.58,32.19,32.19
365,26.21,20.58,21.66,18.57,26.21,20.58,21.66,18.58,32.36,32.36
366,26.24,19.49,17.59,18.01,26.24,19.49,17.59,18.05,31.69,31.69
367,26.35,21.35,16.95,18.6,26.35,21.35,16.95,18.6,32.02,32.02
368,27.56,22.35,16.49,18.49,27.56,22.35,16.49,18.49,31.82,31.82
369,25.86,20.68,16.07,18.44,25.86,20.68,16.07,18.44,32.13,32.13
37,24.23,19.49,17.98,18.65,24.23,19.49,17.98,18.65,32.17,32.17
370,25.32,18.62,18.5,18.12,25.32,18.62,18.5,18.14,31.82,31.82
371,25.91,19.78,19.88,18.15,25.91,19.78,19.88,18.16,31.6,31.6
372,26.91,21.34,22.49,18.51,26.91,21.34,22.49,18.51,32.14,32.14
373,24.51,22.08,16.1,18.19,24.51,22.08,16.1,18.22,31.65,31.65
374,26.21,22.53,16.45,18.6,26.21,22.53,16.45,18.63,32.22,32.22
375,26.1,21.17,16.96,18.6,26.1,21.17,16.96,18.61,32.17,32.17
376,28.65,20.11,18.9,18.49,28.65,20.11,18.9,18.49,31.99,31.99
377,27.63,23.9,14.6,18.49,27.63,23.9,14.6,18.49,31.88,31.88
378,25.2,21.09,17.43,18.71,25.2,21.09,17.43,18.72,32.47,32.47
379,25.49,22.6,15.72,18.45,25.49,22.6,15.72,18.45,32.15,32.15
38,26.96,23.01,16.19,18.67,26.96,23.01,16.19,18.68,32.18,32.18
380,25.89,22.4,16.21,18.43,25.89,22.4,16.21,18.43,31.89,31.89
381,26.11,20.99,16.93,18.49,26.11,20.99,16.93,18.49,31.91,31.91
382,28.26,23.66,16.15,18.76,28.26,23.66,16.15,18.76,32.08,32.08
383,27.06,21.52,16.91,18.59,27.06,21.52,16.91,18.62,32.24,32.24
384,25.34,21.6,16.93,18.59,25.34,21.6,16.93,18.59,32.03,32.03
385,27.6,21.83,17.44,18.41,27.6,21.83,17.44,18.41,31.93,31.93
386,25.49,20.33,17.34,18.35,25.49,20.33,17.34,18.36,31.67,31.67
387,25.53,19.1,16.43,18.16,25.53,19.1,16.43,18.21,31.99,31.99
388,25.09,19.7,16.69,18.09,25.09,19.7,16.69,18.1,31.59,31.59
389,25.88,21.21,16.74,18.34,25.88,21.21,16.74,18.35,32.08,32.08
39,27.24,20.95,16.71,18.51,27.24,20.95,16.71,18.58,32.1,32.1
390,27.11,22.06,16.53,18.6,27.11,22.06,16.53,18.6,32.18,32.18
391,27.07,21.18,16.57,18.74,27.07,21.18,16.57,18.74,32.12,32.12
392,26.86,22.32,16.66,18.86,26.86,22.32,16.66,18.86,32.37,32.37
393,26.81,21.97,17.43,18.78,26.81,21.97,17.43,18.78,32.36,32.36
394,25.1,20.06,17.83,18.82,25.1,20.06,17.83,18.82,32.31,32.31
395,23.89,18.55,17.97,18.17,23.89,18.55,17.97,18.18,31.84,31.84
396,26.66,19.17,18.38,18.77,26.66,19.17,18.38,18.77,32.08,32.08
397,27.74,19.47,17.56,18.41,27.74,19.47,17.56,18.42,31.93,31.93
398,26.0,20.37,17.09,18.34,26.0,20.37,17.09,18.35,32.27,32.27
399,27.01,22.28,18.09,18.64,27.01,22.28,18.09,18.64,32.1,32.1
4,25.24,20.72,17.52,18.77,25.24,20.72,17.52,18.78,32.15,32.15
40,24.63,18.25,18.26,18.37,24.63,18.25,18.26,18.37,31.89,31.89
400,26.27,20.75,17.15,18.14,26.27,20.75,17.15,18.15,31.99,31.99
401,26.53,20.55,16.48,18.23,26.53,20.55,16.48,18.24,31.98,31.98
402,26.77,19.66,17.4,18.54,26.77,19.66,17.4,18.54,32.31,32.31
403,26.23,19.69,17.38,18.29,26.23,19.69,17.38,18.29,31.55,31.55
404,27.55,20.34,16.92,18.42,27.55,20.34,16.92,18.43,31.95,31.95
405,25.76,21.71,16.81,18.41,25.76,21.71,16.81,18.47,32.16,32.16
406,28.06,22.36,21.4,18.37,28.06,22.36,21.4,18.37,32.07,32.07
407,25.72,19.51,20.88,18.36,25.72,19.51,20.88,18.38,32.15,32.15
408,25.65,19.69,17.55,18.72,25.65,19.69,17.55,18.72,32.19,32.19
409,26.27,18.51,17.49,18.31,26.27,18.51,17.49,18.31,31.92,31.92
41,27.89,22.28,16.61,18.46,27.89,22.28,16.61,18.46,32.13,32.13
410,28.32,19.6,17.18,18.4,28.32,19.6,17.18,18.41,31.76,31.76
411,25.72,20.02,17.59,18.6,25.72,20.02,17.59,18.62,32.31,32.31
412,26.04,23.61,15.63,18.29,26.04,23.61,15.63,18.29,31.95,31.95
413,26.07,20.3,17.18,18.32,26.07,20.3,17.18,18.32,32.04,32.04
414,26.78,22.15,16.43,18.48,26.78,22.15,16.43,18.48,32.13,32.13
415,25.23,20.74,14.89,17.9,25.23,20.74,14.89,17.92,31.58,31.58
416,27.48,22.45,16.39,18.27,27.48,22.45,16.39,18.29,31.89,31.89
417,26.56,21.45,17.08,18.56,26.56,21.45,17.08,18.56,32.21,32.21
418,25.67,21.63,15.73,18.34,25.67,21.63,15.73,18.35,32.0,32.0
419,26.37,21.53,23.27,18.25,26.37,21.53,23.27,18.27,31.56,31.56
42,27.83,20.54,16.75,18.41,27.83,20.54,16.75,18.42,32.0,32.0
420,26.5,21.09,16.8,18.41,26.5,21.09,16.8,18.41,31.9,31.9
421,26.0,19.99,17.66,18.54,26.0,19.99,17.66,18.54,32.04,32.04
422,27.07,20.24,17.45,18.74,27.07,20.24,17.45,18.74,32.26,32.26
423,26.58,21.29,16.64,18.38,26.58,21.29,16.64,18.38,31.99,31.99
424,27.3,22.14,16.55,18.67,27.3,22.14,16.55,18.67,32.06,32.06
425,26.82,20.41,16.87,18.13,26.82,20.41,16.87,18.13,32.02,32.02
426,28.2,21.13,17.14,18.66,28.2,21.13,17.14,18.66,32.32,32.32
427,26.26,19.96,18.1,18.77,26.26,19.96,18.1,18.78,32.21,32.21
428,25.55,20.09,16.6,18.28,25.55,20.09,16.6,18.33,31.75,31.75
429,27.28,23.56,16.71,18.56,27.28,23.56,16.71,18.56,32.1,32.1
43,27.32,20.11,17.5,18.41,27.32,20.11,17.5,18.41,32.29,32.29
430,27.55,21.5,16.75,18.31,27.55,21.5,16.75,18.33,31.85,31.85
431,25.84,21.55,16.3,18.14,25.84,21.55,16.3,18.15,31.54,31.54
432,27.59,20.08,16.07,18.56,27.59,20.08,16.07,18.56,32.11,32.11
433,26.33,18.5,18.98,18.42,26.33,18.5,18.98,18.42,31.98,31.98
434,27.57,22.23,16.42,18.41,27.57,22.23,16.42,18.41,31.9,31.9
435,29.66,22.54,15.67,18.39,29.66,22.54,15.67,18.39,32.13,32.13
436,25.18,20.67,16.43,18.11,25.18,20.67,16.43,18.12,31.48,31.48
437,27.78,21.67,14.43,18.13,27.78,21.67,14.43,18.14,31.65,31.65
438,27.1,23.2,16.36,18.57,27.1,23.2,16.36,18.57,32.22,32.22
439,25.34,20.49,17.92,18.41,25.34,20.49,17.92,18.41,31.77,31.77
44,24.89,20.09,17.24,18.35,24.89,20.09,17.24,18.36,32.03,32.03
440,26.63,20.65,17.5,18.78,26.63,20.65,17.5,18.78,32.4,32.4
441,27.8,22.09,14.95,18.36,27.8,22.09,14.95,18.37,31.9,31.9
442,26.53,23.43,14.99,18.54,26.53,23.43,14.99,18.56,32.1,32.1
443,27.44,19.59,17.32,18.13,27.44,19.59,17.32,18.13,31.75,31.75
444,25.16,19.38,17.17,17.85,25.16,19.38,17.17,17.85,31.64,31.64
445,26.77,22.2,16.52,18.6,26.77,22.2,16.52,18.61,32.39,32.39
446,24.93,21.09,16.66,18.57,24.93,21.09,16.66,18.57,32.25,32.25
447,26.27,19.9,17.37,18.47,26.27,19.9,17.37,18.47,32.03,32.03
448,26.57,19.83,17.92,18.63,26.57,19.83,17.92,18.63,32.32,32.32
449,27.05,21.41,16.47,18.48,27.05,21.41,16.47,18.48,32.16,32.16
45,25.58,22.7,16.96,18.95,25.58,22.7,16.96,18.96,32.23,32.23
450,26.35,22.6,15.86,18.43,26.35,22.6,15.86,18.44,32.12,32.12
451,24.62,19.76,17.55,18.58,24.62,19.76,17.55,18.6,31.76,31.76
452,25.56,23.57,15.74,18.41,25.56,23.57,15.74,18.41,32.1,32.1
453,27.1,22.21,16.07,18.29,27.1,22.21,16.07,18.34,31.95,31.95
454,26.27,21.18,16.64,18.27,26.27,21.18,16.64,18.27,31.64,31.64
455,24.28,19.2,18.48,18.54,24.28,19.2,18.48,18.54,32.24,32.24
456,25.99,22.77,16.27,18.46,25.99,22.77,16.27,18.47,32.1,32.1
457,28.0,21.6,16.68,18.53,28.0,21.6,16.68,18.54,32.13,32.13
458,26.11,22.52,16.02,18.13,26.11,22.52,16.02,18.15,31.87,31.87
459,26.84,18.93,19.96,18.46,26.84,18.93,19.96,18.46,32.12,32.12
46,24.91,20.4,17.58,18.34,24.91,20.4,17.58,18.35,32.05,32.05
460,25.23,22.35,16.2,18.48,25.23,22.35,16.2,18.49,31.98,31.98
461,25.52,20.48,17.28,18.43,25.52,20.48,17.28,18.46,32.0,32.0
462,25.97,19.3,17.2,17.86,25.97,19.3,17.2,17.88,31.83,31.83
463,26.27,22.32,16.37,18.58,26.27,22.32,16.37,18.58,32.22,32.22
464,28.76,21.01,16.43,18.21,28.76,21.01,16.43,18.21,31.73,31.73
465,27.45,21.1,17.2,18.57,27.45,21.1,17.2,18.57,32.21,32.21
466,26.04,18.57,18.19,18.25,26.04,18.57,18.19,18.25,31.72,31.72
467,28.8,21.27,15.52,18.33,28.8,21.27,15.52,18.33,32.02,32.02
468,26.52,19.98,17.22,17.93,26.52,19.98,17.22,17.95,31.62,31.62
469,26.74,21.08,16.96,18.27,26.74,21.08,16.96,18.27,32.06,32.06
47,27.06,23.12,16.0,18.56,27.06,23.12,16.0,18.56,32.26,32.26
470,26.81,20.95,16.75,18.21,26.81,20.95,16.75,18.21,31.98,31.98
471,27.06,19.38,17.57,18.62,27.06,19.38,17.57,18.62,31.87,31.87
472,29.69,22.63,16.35,18.6,29.69,22.63,16.35,18.6,32.06,32.06
473,25.08,18.68,18.23,18.02,25.08,18.68,18.23,18.03,31.78,31.78
474,27.1,20.52,16.89,18.45,27.1,20.52,16.89,18.45,31.96,31.96
475,26.57,21.59,16.82,18.42,26.57,21.59,16.82,18.42,32.16,32.16
476,27.5,22.6,16.76,18.74,27.5,22.6,16.76,18.74,32.21,32.21
477,24.76,21.67,17.08,18.93,24.76,21.67,17.08,18.93,32.44,32.44
478,27.66,19.97,19.63,17.9,27.66,19.97,19.63,17.91,31.85,31.85
479,25.95,22.07,16.72,18.66,25.95,22.07,16.72,18.67,32.18,32.18
48,26.28,20.41,16.97,18.35,26.28,20.41,16.97,18.36,31.93,31.93
480,26.78,20.96,17.41,18.71,26.78,20.96,17.41,18.74,32.24,32.24
481,25.98,18.93,17.71,18.3,25.98,18.93,17.71,18.3,31.96,31.96
482,26.72,20.26,16.58,18.08,26.72,20.26,16.58,18.08,31.49,31.49
483,27.6,19.81,17.43,18.39,27.6,19.81,17.43,18.39,32.01,32.01
484,27.28,19.96,21.56,18.48,27.28,19.96,21.56,18.48,32.22,32.22
485,28.71,22.08,16.94,18.88,28.71,22.08,16.94,18.88,32.32,32.32
486,26.87,22.65,16.03,18.29,26.87,22.65,16.03,18.29,31.81,31.81
487,26.33,21.04,16.97,18.36,26.33,21.04,16.97,18.37,31.7,31.7
488,26.97,20.57,16.74,18.58,26.97,20.57,16.74,18.6,31.96,31.96
489,26.28,23.67,16.03,18.57,26.28,23.67,16.03,18.58,32.08,32.08
49,24.5,20.54,17.02,18.5,24.5,20.54,17.02,18.51,32.25,32.25
490,27.13,22.17,16.45,18.41,27.13,22.17,16.45,18.42,32.32,32.32
491,25.29,20.66,17.16,18.37,25.29,20.66,17.16,18.38,31.74,31.74
492,26.14,21.17,16.75,18.51,26.14,21.17,16.75,18.52,32.22,32.22
493,28.18,20.17,17.55,18.12,28.18,20.17,17.55,18.14,31.77,31.77
494,25.73,21.12,16.98,18.58,25.73,21.12,16.98,18.58,31.98,31.98
495,26.33,21.64,16.63,18.53,26.33,21.64,16.63,18.53,32.02,32.02
496,27.7,20.39,17.02,18.55,27.7,20.39,17.02,18.55,31.92,31.92
497,29.71,24.49,15.51,18.53,29.71,24.49,15.51,18.55,31.99,31.99
498,25.65,21.58,15.45,18.06,25.65,21.58,15.45,18.06,31.6,31.6
499,26.39,19.77,16.74,17.96,26.39,19.77,16.74,17.97,31.6,31.6
5,25.91,20.28,16.32,18.26,25.91,20.28,16.32,18.26,31.98,31.98
50,27.46,19.68,17.69,18.49,27.46,19.68,17.69,18.49,32.12,32.12
500,24.52,17.6,19.07,17.95,24.52,17.6,19.07,17.95,31.47,31.47
501,24.56,19.5,16.93,17.9,24.56,19.5,16.93,17.9,31.7,31.7
502,28.15,21.91,22.96,18.34,28.15,21.91,22.96,18.34,32.2,32.2
503,26.7,19.47,20.55,18.13,26.7,19.47,20.55,18.14,31.55,31.55
504,26.37,22.04,16.86,18.75,26.37,22.04,16.86,18.75,31.87,31.87
505,26.68,22.9,22.9,18.41,26.68,22.9,22.9,18.41,32.06,32.06
506,25.97,21.38,16.28,18.26,25.97,21.38,16.28,18.26,31.8,31.8
507,26.9,22.63,16.21,18.47,26.9,22.63,16.21,18.47,32.06,32.06
508,27.5,20.05,17.09,18.6,27.5,20.05,17.09,18.6,32.01,32.01
509,25.88,21.32,16.53,18.28,25.88,21.32,16.53,18.3,32.08,32.08
51,26.0,21.06,17.23,18.78,26.0,21.06,17.23,18.79,31.97,31.97
510,27.51,22.23,16.42,18.45,27.51,22.23,16.42,18.45,31.91,31.91
511,26.48,19.68,16.95,18.02,26.48,19.68,16.95,18.02,31.53,31.53
512,24.94,20.55,16.77,18.09,24.94,20.55,16.77,18.13,31.81,31.81
513,27.2,19.65,16.11,18.51,27.2,19.65,16.11,18.51,32.09,32.09
514,27.59,20.39,17.18,18.58,27.59,20.39,17.18,18.58,32.11,32.11
515,27.5,23.13,16.96,18.85,27.5,23.13,16.96,18.85,32.15,32.15
516,25.68,23.29,16.2,18.64,25.68,23.29,16.2,18.64,32.43,32.43
517,26.43,20.57,16.38,18.33,26.43,20.57,16.38,18.35,32.08,32.08
518,26.48,19.57,17.56,18.28,26.48,19.57,17.56,18.28,31.98,31.98
519,26.84,22.68,16.47,18.6,26.84,22.68,16.47,18.6,32.37,32.37
52,26.7,20.64,17.14,18.47,26.7,20.64,17.14,18.47,32.16,32.16
520,26.54,20.68,16.11,18.47,26.54,20.68,16.11,18.47,31.94,31.94
521,27.05,22.52,16.45,18.54,27.05,22.52,16.45,18.56,32.42,32.42
522,26.54,21.99,16.65,18.41,26.54,21.99,16.65,18.41,31.91,31.91
523,26.87,18.98,17.57,17.75,26.87,18.98,17.57,17.76,31.47,31.47
524,27.92,19.75,19.51,18.39,27.92,19.75,19.51,18.4,32.02,32.02
525,27.4,24.17,15.92,18.77,27.4,24.17,15.92,18.77,32.33,32.33
526,26.21,22.33,16.68,18.55,26.21,22.33,16.68,18.55,32.07,32.07
527,27.0,21.07,17.18,18.19,27.0,21.07,17.18,18.2,31.6,31.6
528,25.86,20.01,16.93,18.0,25.86,20.01,16.93,18.0,31.62,31.62
529,26.67,20.51,17.2,18.69,26.67,20.51,17.2,18.69,32.13,32.13
53,26.44,19.68,18.46,18.51,26.44,19.68,18.46,18.51,32.06,32.06
530,27.56,21.72,16.23,18.15,27.56,21.72,16.23,18.15,31.82,31.82
531,25.82,19.49,18.02,18.44,25.82,19.49,18.02,18.44,31.94,31.94
532,28.68,23.11,16.46,18.73,28.68,23.11,16.46,18.73,32.29,32.29
533,27.34,20.87,17.06,18.39,27.34,20.87,17.06,18.39,32.02,32.02
534,26.5,21.92,17.96,18.97,26.5,21.92,17.96,18.97,32.18,32.18
535,24.73,19.66,18.08,18.11,24.73,19.66,18.08,18.11,31.67,31.67
536,27.53,22.38,14.12,18.39,27.53,22.38,14.12,18.4,31.98,31.98
537,27.92,22.91,15.82,18.2,27.92,22.91,15.82,18.22,31.81,31.81
538,25.46,19.19,17.81,18.49,25.46,19.19,17.81,18.49,32.19,32.19
539,26.54,21.45,16.91,18.61,26.54,21.45,16.91,18.61,32.25,32.25
54,26.38,19.99,16.21,18.14,26.38,19.99,16.21,18.15,31.8,31.8
540,25.5,18.8,18.18,18.65,25.5,18.8,18.18,18.66,32.02,32.02
541,26.95,23.24,16.31,18.65,26.95,23.24,16.31,18.65,32.37,32.37
542,25.9,20.79,22.23,18.17,25.9,20.79,22.23,18.17,31.48,31.48
543,28.66,23.73,15.97,18.48,28.66,23.73,15.97,18.48,32.22,32.22
544,25.05,19.27,17.48,18.53,25.05,19.27,17.48,18.55,32.0,32.0
545,26.16,23.09,16.07,18.48,26.16,23.09,16.07,18.49,32.04,32.04
546,28.29,20.3,17.86,18.81,28.29,20.3,17.86,18.82,32.23,32.23
547,25.23,22.25,16.38,18.45,25.23,22.25,16.38,18.46,31.83,31.83
548,25.09,19.14,17.13,17.87,25.09,19.14,17.13,17.89,31.65,31.65
549,26.8,17.5,18.33,18.35,26.8,17.5,18.33,18.35,31.9,31.9
55,26.44,20.47,17.42,18.64,26.44,20.47,17.42,18.64,32.03,32.03
550,28.36,22.57,16.05,18.59,28.36,22.57,16.05,18.59,32.11,32.11
551,26.24,22.02,16.01,18.21,26.24,22.02,16.01,18.23,31.87,31.87
552,26.07,18.8,18.3,18.67,26.07,18.8,18.3,18.67,32.29,32.29
553,27.0,20.38,16.48,18.3,27.0,20.38,16.48,18.31,31.91,31.91
554,25.75,21.58,17.31,18.69,25.75,21.58,17.31,18.69,32.31,32.31
555,26.37,21.11,16.54,18.17,26.37,21.11,16.54,18.17,31.68,31.68
556,26.19,20.22,22.43,18.31,26.19,20.22,22.43,18.31,32.08,32.08
557,28.18,24.97,15.26,18.46,28.18,24.97,15.26,18.47,31.78,31.78
558,27.31,20.07,17.1,18.41,27.31,20.07,17.1,18.41,31.93,31.93
559,25.96,18.51,17.53,18.05,25.96,18.51,17.53,18.05,31.58,31.58
56,27.93,20.87,16.75,18.13,27.93,20.87,16.75,18.13,31.73,31.73
560,27.15,21.29,16.78,18.39,27.15,21.29,16.78,18.4,32.09,32.09
561,25.47,19.1,17.14,18.05,25.47,19.1,17.14,18.05,31.45,31.45
562,26.02,20.89,16.98,18.45,26.02,20.89,16.98,18.45,32.25,32.25
563,26.65,18.55,18.3,18.36,26.65,18.55,18.3,18.37,32.04,32.04
564,24.76,21.71,17.57,18.57,24.76,21.71,17.57,18.57,31.92,31.92
565,26.86,19.61,18.33,18.11,26.86,19.61,18.33,18.11,31.66,31.66
566,26.4,22.33,15.9,18.66,26.4,22.33,15.9,18.67,32.25,32.25
567,26.94,22.61,15.66,18.42,26.94,22.61,15.66,18.42,32.02,32.02
568,29.04,21.55,15.49,18.54,29.04,21.55,15.49,18.54,31.92,31.92
569,25.15,21.35,16.6,18.54,25.15,21.35,16.6,18.54,31.86,31.86
57,29.12,23.06,16.3,18.53,29.12,23.06,16.3,18.53,32.04,32.04
570,28.45,22.93,16.6,18.83,28.45,22.93,16.6,18.86,32.32,32.32
571,25.92,19.66,17.44,18.31,25.92,19.66,17.44,18.31,31.9,31.9
572,26.51,19.12,16.67,18.23,26.51,19.12,16.67,18.23,31.73,31.73
573,25.73,18.62,18.12,18.46,25.73,18.62,18.12,18.46,31.8,31.8
574,26.92,22.55,16.5,18.68,26.92,22.55,16.5,18.68,32.25,32.25
575,26.16,20.6,16.9,18.24,26.16,20.6,16.9,18.24,31.65,31.65
576,26.24,18.78,17.73,18.18,26.24,18.78,17.73,18.18,31.9,31.9
577,27.74,20.57,16.51,18.47,27.74,20.57,16.51,18.47,31.94,31.94
578,29.39,23.54,16.21,18.39,29.39,23.54,16.21,18.39,32.02,32.02
579,24.48,17.99,18.55,18.28,24.48,17.99,18.55,18.29,31.81,31.81
58,26.75,20.62,16.41,18.43,26.75,20.62,16.41,18.43,31.8,31.8
580,28.07,22.0,18.47,18.62,28.07,22.0,18.47,18.62,32.19,32.19
581,25.14,19.59,19.79,18.27,25.14,19.59,19.79,18.27,32.15,32.15
582,26.16,22.01,16.66,18.47,26.16,22.01,16.66,18.47,31.79,31.79
583,25.11,20.03,17.16,18.01,25.11,20.03,17.16,18.01,31.93,31.93
584,26.26,22.89,16.28,18.58,26.26,22.89,16.28,18.6,32.27,32.27
585,25.61,21.59,17.14,18.41,25.61,21.59,17.14,18.42,32.15,32.15
586,28.16,21.07,16.72,18.31,28.16,21.07,16.72,18.31,31.75,31.75
587,26.06,21.41,21.45,18.24,26.06,21.41,21.45,18.24,31.65,31.65
588,27.46,25.32,15.28,18.57,27.46,25.32,15.28,18.57,32.31,32.31
589,26.39,18.92,18.1,18.3,26.39,18.92,18.1,18.3,31.97,31.97
59,26.82,22.06,16.68,18.57,26.82,22.06,16.68,18.58,32.23,32.23
590,26.63,21.76,16.47,18.16,26.63,21.76,16.47,18.18,31.69,31.69
591,25.2,22.39,16.25,18.61,25.2,22.39,16.25,18.61,32.47,32.47
592,25.74,18.99,17.15,18.46,25.74,18.99,17.15,18.46,32.02,32.02
593,26.46,22.24,16.52,18.46,26.46,22.24,16.52,18.46,32.31,32.31
594,25.65,20.07,17.46,18.45,25.65,20.07,17.46,18.45,32.16,32.16
595,27.06,23.33,16.51,18.83,27.06,23.33,16.51,18.83,32.3,32.3
596,25.94,25.13,15.46,18.75,25.94,25.13,15.46,18.76,32.38,32.38
597,25.8,19.34,16.98,18.29,25.8,19.34,16.98,18.3,31.66,31.66
598,26.6,20.54,17.47,18.5,26.6,20.54,17.47,18.5,31.99,31.99
599,25.44,21.0,17.08,18.53,25.44,21.0,17.08,18.55,32.1,32.1
6,26.83,22.1,16.72,18.53,26.83,22.1,16.72,18.53,32.08,32.08
60,26.51,19.37,17.86,18.26,26.51,19.37,17.86,18.26,31.91,31.91
600,25.97,19.09,17.42,18.23,25.97,19.09,17.42,18.24,31.98,31.98
601,25.18,20.13,17.07,18.27,25.18,20.13,17.07,18.28,31.81,31.81
602,26.08,20.52,16.99,18.24,26.08,20.52,16.99,18.24,31.76,31.76
603,26.5,21.59,22.57,18.47,26.5,21.59,22.57,18.48,32.06,32.06
604,27.33,23.36,16.09,18.57,27.33,23.36,16.09,18.58,32.47,32.47
605,25.41,18.55,18.14,18.35,25.41,18.55,18.14,18.35,31.94,31.94
606,26.08,18.29,18.46,17.97,26.08,18.29,18.46,17.98,31.61,31.61
607,27.57,20.99,18.22,18.6,27.57,20.99,18.22,18.6,32.27,32.27
608,25.91,22.01,23.26,18.01,25.91,22.01,23.26,18.03,31.8,31.8
609,25.2,20.28,19.82,18.69,25.2,20.28,19.82,18.7,32.29,32.29
61,22.82,19.67,16.61,18.06,22.82,19.67,16.61,18.06,31.73,31.73
610,27.84,24.06,15.41,18.33,27.84,24.06,15.41,18.33,32.04,32.04
611,26.86,21.68,16.22,18.49,26.86,21.68,16.22,18.49,32.05,32.05
612,25.71,21.54,21.26,18.35,25.71,21.54,21.26,18.36,31.77,31.77
613,26.11,21.01,16.93,18.49,26.11,21.01,16.93,18.5,31.76,31.76
614,26.35,21.54,16.49,18.34,26.35,21.54,16.49,18.37,31.89,31.89
615,26.01,23.98,15.61,18.57,26.01,23.98,15.61,18.58,32.28,32.28
616,26.62,20.7,17.24,18.54,26.62,20.7,17.24,18.54,32.02,32.02
617,25.39,20.84,16.31,18.49,25.39,20.84,16.31,18.49,31.89,31.89
618,27.96,21.84,21.75,17.9,27.96,21.84,21.75,17.91,31.61,31.61
619,28.3,23.75,16.02,18.59,28.3,23.75,16.02,18.62,32.21,32.21
62,26.31,18.44,18.03,18.49,26.31,18.44,18.03,18.49,32.1,32.1
620,28.93,22.44,16.05,18.48,28.93,22.44,16.05,18.48,31.95,31.95
621,26.98,20.77,16.82,18.34,26.98,20.77,16.82,18.35,32.15,32.15
622,25.28,18.68,17.99,18.38,25.28,18.68,17.99,18.39,31.73,31.73
623,27.78,19.23,17.72,18.55,27.78,19.23,17.72,18.55,31.89,31.89
624,26.02,20.99,16.79,18.74,26.02,20.99,16.79,18.74,32.35,32.35
625,26.96,18.18,17.81,17.84,26.96,18.18,17.81,17.85,31.31,31.31
626,26.49,20.33,16.09,18.58,26.49,20.33,16.09,18.58,32.43,32.43
627,25.31,19.91,17.42,18.29,25.31,19.91,17.42,18.29,32.04,32.04
628,26.16,19.66,17.59,18.42,26.16,19.66,17.59,18.42,31.93,31.93
629,24.34,21.44,15.55,18.44,24.34,21.44,15.55,18.44,32.24,32.24
63,26.19,19.8,17.79,18.57,26.19,19.8,17.79,18.57,31.95,31.95
630,27.62,22.27,17.21,18.45,27.62,22.27,17.21,18.45,32.15,32.15
631,27.91,23.22,15.73,18.62,27.91,23.22,15.73,18.62,32.12,32.12
632,27.86,20.22,22.01,18.63,27.86,20.22,22.01,18.63,32.13,32.13
633,26.86,21.48,16.74,18.45,26.86,21.48,16.74,18.45,32.16,32.16
634,27.62,20.53,17.12,18.21,27.62,20.53,17.12,18.21,31.85,31.85
635,25.38,20.87,16.67,18.35,25.38,20.87,16.67,18.35,31.93,31.93
636,27.02,19.59,17.34,18.32,27.02,19.59,17.34,18.33,31.93,31.93
637,27.75,21.97,16.33,18.3,27.75,21.97,16.33,18.32,31.79,31.79
638,26.09,21.77,16.84,18.47,26.09,21.77,16.84,18.5,32.14,32.14
639,28.01,22.72,16.34,18.51,28.01,22.72,16.34,18.51,32.06,32.06
64,27.78,24.06,12.54,18.3,27.78,24.06,12.54,18.3,32.11,32.11
640,25.86,18.71,17.64,18.28,25.86,18.71,17.64,18.29,31.63,31.63
641,27.06,20.5,17.83,18.49,27.06,20.5,17.83,18.49,32.06,32.06
642,24.02,19.05,17.21,18.43,24.02,19.05,17.21,18.44,31.95,31.95
643,25.78,22.59,16.59,18.76,25.78,22.59,16.59,18.76,32.23,32.23
644,28.3,23.66,16.19,18.85,28.3,23.66,16.19,18.87,32.09,32.09
645,24.79,19.74,22.78,18.42,24.79,19.74,22.78,18.42,31.98,31.98
646,26.45,20.48,16.5,18.37,26.45,20.48,16.5,18.39,31.89,31.89
647,26.24,22.65,15.85,18.25,26.24,22.65,15.85,18.26,31.81,31.81
648,27.37,20.72,21.94,18.34,27.37,20.72,21.94,18.38,32.14,32.14
649,25.96,20.36,17.29,18.54,25.96,20.36,17.29,18.54,32.3,32.3
65,24.24,19.14,17.21,18.08,24.24,19.14,17.21,18.11,31.49,31.49
650,26.71,21.12,16.69,18.44,26.71,21.12,16.69,18.47,32.21,32.21
651,26.79,19.67,17.54,18.5,26.79,19.67,17.54,18.5,31.91,31.91
652,27.01,20.23,16.99,18.32,27.01,20.23,16.99,18.32,32.0,32.0
653,26.3,23.45,15.92,18.59,26.3,23.45,15.92,18.6,32.13,32.13
654,27.73,21.06,16.6,18.36,27.73,21.06,16.6,18.36,31.88,31.88
655,24.93,20.38,17.58,18.81,24.93,20.38,17.58,18.81,32.69,32.69
656,25.32,21.44,16.63,18.53,25.32,21.44,16.63,18.53,31.86,31.86
657,25.12,19.77,17.61,18.58,25.12,19.77,17.61,18.58,31.86,31.86
658,27.21,22.98,16.39,18.56,27.21,22.98,16.39,18.58,31.94,31.94
659,26.93,23.43,16.19,18.73,26.93,23.43,16.19,18.73,32.33,32.33
66,26.31,19.99,17.76,18.42,26.31,19.99,17.76,18.42,32.02,32.02
660,26.71,24.11,14.49,18.72,26.71,24.11,14.49,18.72,32.35,32.35
661,26.16,21.33,16.77,18.33,26.16,21.33,16.77,18.33,32.02,32.02
662,28.63,22.74,15.22,18.35,28.63,22.74,15.22,18.35,32.06,32.06
663,27.39,22.27,16.2,18.46,27.39,22.27,16.2,18.47,31.9,31.9
664,27.03,18.91,19.04,18.2,27.03,18.91,19.04,18.2,31.63,31.63
665,26.6,23.38,16.23,18.47,26.6,23.38,16.23,18.48,32.18,32.18
666,24.58,17.75,18.48,18.43,24.58,17.75,18.48,18.46,31.67,31.67
667,24.33,18.66,21.21,17.94,24.33,18.66,21.21,17.96,31.49,31.49
668,25.25,20.48,17.61,18.64,25.25,20.48,17.61,18.65,32.0,32.0
669,25.15,20.84,15.48,18.04,25.15,20.84,15.48,18.04,31.6,31.6
67,27.59,19.68,20.39,17.99,27.59,19.68,20.39,17.99,31.55,31.55
670,26.34,19.72,16.64,18.4,26.34,19.72,16.64,18.41,31.81,31.81
671,27.72,20.63,15.93,18.38,27.72,20.63,15.93,18.38,32.0,32.0
672,27.61,23.75,15.73,18.34,27.61,23.75,15.73,18.36,32.22,32.22
673,27.8,24.96,15.3,18.53,27.8,24.96,15.3,18.53,32.01,32.01
674,27.27,22.08,17.13,18.54,27.27,22.08,17.13,18.54,32.24,32.24
675,26.77,19.34,17.47,18.35,26.77,19.34,17.47,18.35,32.06,32.06
676,26.98,22.19,14.86,18.45,26.98,22.19,14.86,18.46,32.09,32.09
677,26.64,21.16,22.02,18.64,26.64,21.16,22.02,18.68,31.95,31.95
678,24.98,20.89,16.64,18.32,24.98,20.89,16.64,18.34,31.93,31.93
679,26.02,20.65,17.16,18.23,26.02,20.65,17.16,18.26,31.85,31.85
68,26.08,20.46,16.51,18.11,26.08,20.46,16.51,18.12,31.8,31.8
680,25.85,20.14,16.51,18.4,25.85,20.14,16.51,18.42,31.88,31.88
681,28.32,21.7,16.89,18.58,28.32,21.7,16.89,18.59,32.15,32.15
682,25.19,19.5,17.38,18.34,25.19,19.5,17.38,18.35,31.97,31.97
683,26.41,18.47,18.29,18.23,26.41,18.47,18.29,18.23,31.94,31.94
684,26.33,23.15,16.36,18.53,26.33,23.15,16.36,18.53,32.34,32.34
685,26.47,21.53,16.7,18.38,26.47,21.53,16.7,18.39,32.24,32.24
686,25.65,21.06,16.96,18.52,25.65,21.06,16.96,18.54,32.09,32.09
687,24.69,21.14,16.8,18.61,24.69,21.14,16.8,18.61,31.8,31.8
688,26.93,22.87,14.89,18.47,26.93,22.87,14.89,18.49,32.03,32.03
689,27.52,21.78,16.15,18.34,27.52,21.78,16.15,18.35,31.91,31.91
69,25.76,19.69,17.41,18.35,25.76,19.69,17.41,18.35,32.13,32.13
690,29.12,22.64,16.22,18.47,29.12,22.64,16.22,18.47,31.87,31.87
691,28.47,22.99,14.86,18.33,28.47,22.99,14.86,18.33,31.93,31.93
692,27.76,24.44,15.64,18.56,27.76,24.44,15.64,18.56,32.01,32.01
693,27.96,22.38,15.95,18.4,27.96,22.38,15.95,18.42,32.06,32.06
694,26.48,23.25,16.19,18.53,26.48,23.25,16.19,18.56,32.16,32.16
695,25.77,20.41,17.14,18.3,25.77,20.41,17.14,18.31,31.83,31.83
696,26.25,21.67,17.04,18.53,26.25,21.67,17.04,18.56,32.13,32.13
697,26.09,22.21,16.47,18.29,26.09,22.21,16.47,18.32,31.98,31.98
698,24.49,21.97,16.76,18.56,24.49,21.97,16.76,18.57,32.04,32.04
699,25.3,19.03,17.59,18.5,25.3,19.03,17.59,18.53,32.18,32.18
7,28.27,23.07,16.73,18.92,28.27,23.07,16.73,18.92,32.36,32.36
70,27.07,21.33,15.95,17.98,27.07,21.33,15.95,17.98,31.53,31.53
700,27.4,21.74,16.86,18.48,27.4,21.74,16.86,18.48,32.24,32.24
701,27.34,19.17,16.73,18.2,27.34,19.17,16.73,18.2,31.74,31.74
702,27.38,22.95,15.97,18.36,27.38,22.95,15.97,18.36,31.85,31.85
703,27.47,21.58,14.74,18.51,27.47,21.58,14.74,18.51,32.04,32.04
704,27.89,21.81,16.77,18.56,27.89,21.81,16.77,18.56,32.12,32.12
705,24.98,20.33,17.1,18.15,24.98,20.33,17.1,18.16,31.75,31.75
706,27.72,19.69,17.45,18.28,27.72,19.69,17.45,18.28,31.78,31.78
707,25.61,21.88,16.81,18.65,25.61,21.88,16.81,18.65,32.26,32.26
708,26.79,21.53,16.79,18.54,26.79,21.53,16.79,18.55,32.06,32.06
709,26.03,21.37,17.28,18.61,26.03,21.37,17.28,18.62,31.99,31.99
71,29.14,24.37,16.0,18.73,29.14,24.37,16.0,18.73,32.36,32.36
710,25.84,22.01,16.41,18.24,25.84,22.01,16.41,18.25,31.84,31.84
711,27.97,22.88,13.98,18.41,27.97,22.88,13.98,18.41,32.03,32.03
712,25.38,19.83,17.25,18.08,25.38,19.83,17.25,18.08,31.94,31.94
713,28.49,21.4,16.54,18.1,28.49,21.4,16.54,18.1,31.9,31.9
714,27.94,21.57,16.57,18.47,27.94,21.57,16.57,18.47,32.4,32.4
715,26.72,19.21,16.39,18.07,26.72,19.21,16.39,18.07,31.66,31.66
716,24.35,19.94,17.73,18.6,24.35,19.94,17.73,18.6,31.93,31.93
717,26.82,19.82,17.24,18.22,26.82,19.82,17.24,18.23,31.76,31.76
718,27.96,22.69,15.68,18.14,27.96,22.69,15.68,18.14,31.79,31.79
719,26.86,21.47,16.99,18.64,26.86,21.47,16.99,18.64,32.09,32.09
72,27.45,21.25,16.33,18.7,27.45,21.25,16.33,18.7,32.36,32.36
720,26.1,20.0,16.91,17.86,26.1,20.0,16.91,17.86,31.62,31.62
721,26.97,21.22,16.63,18.6,26.97,21.22,16.63,18.6,32.25,32.25
722,27.06,23.36,16.29,18.74,27.06,23.36,16.29,18.74,32.56,32.56
723,26.06,20.33,16.96,18.26,26.06,20.33,16.96,18.26,31.96,31.96
724,25.33,22.53,16.63,18.58,25.33,22.53,16.63,18.58,32.23,32.23
725,25.63,21.37,17.58,18.71,25.63,21.37,17.58,18.71,32.5,32.5
726,25.14,20.73,17.37,18.56,25.14,20.73,17.37,18.56,32.16,32.16
727,26.19,22.81,16.61,18.72,26.19,22.81,16.61,18.73,32.27,32.27
728,25.92,22.49,16.4,18.62,25.92,22.49,16.4,18.64,32.08,32.08
729,26.54,22.94,15.94,18.44,26.54,22.94,15.94,18.45,32.04,32.04
73,26.39,19.63,17.19,18.1,26.39,19.63,17.19,18.12,31.69,31.69
730,26.16,23.02,16.66,18.74,26.16,23.02,16.66,18.75,32.62,32.62
731,28.32,22.36,16.44,18.31,28.32,22.36,16.44,18.33,31.79,31.79
732,26.18,21.17,16.43,18.67,26.18,21.17,16.43,18.68,32.23,32.23
733,27.53,22.48,16.85,18.84,27.53,22.48,16.85,18.84,32.4,32.4
734,26.11,20.04,17.55,18.23,26.11,20.04,17.55,18.23,31.84,31.84
735,26.25,22.54,16.79,18.84,26.25,22.54,16.79,18.84,32.48,32.48
736,28.01,19.88,16.98,18.38,28.01,19.88,16.98,18.39,31.89,31.89
737,28.78,21.75,17.21,18.57,28.78,21.75,17.21,18.58,31.96,31.96
738,26.04,21.99,16.1,18.19,26.04,21.99,16.1,18.21,31.93,31.93
739,26.51,19.61,17.5,18.08,26.51,19.61,17.5,18.08,31.77,31.77
74,26.65,24.73,15.54,18.62,26.65,24.73,15.54,18.62,31.8,31.8
740,26.34,21.32,17.06,18.62,26.34,21.32,17.06,18.62,32.28,32.28
741,27.54,20.5,16.22,18.55,27.54,20.5,16.22,18.55,32.06,32.06
742,25.73,20.03,18.86,18.62,25.73,20.03,18.86,18.62,32.1,32.1
743,27.5,22.99,16.22,18.45,27.5,22.99,16.22,18.46,32.1,32.1
744,25.66,19.03,17.19,18.16,25.66,19.03,17.19,18.16,31.78,31.78
745,25.73,18.69,17.59,18.15,25.73,18.69,17.59,18.15,31.59,31.59
746,26.26,20.05,18.33,18.46,26.26,20.05,18.33,18.46,32.08,32.08
747,24.97,21.46,16.54,18.18,24.97,21.46,16.54,18.18,31.59,31.59
748,28.06,21.62,16.78,18.37,28.06,21.62,16.78,18.4,31.85,31.85
749,26.88,18.97,18.36,18.31,26.88,18.97,18.36,18.32,31.9,31.9
75,28.22,22.67,15.8,18.41,28.22,22.67,15.8,18.42,32.16,32.16
750,28.62,25.26,15.68,18.87,28.62,25.26,15.68,18.88,32.36,32.36
751,26.43,20.35,17.06,18.4,26.43,20.35,17.06,18.4,31.86,31.86
752,26.7,21.5,17.02,18.75,26.7,21.5,17.02,18.75,32.26,32.26
753,27.5,23.56,16.38,18.68,27.5,23.56,16.38,18.69,32.15,32.15
754,24.99,17.91,18.32,17.84,24.99,17.91,18.32,17.85,31.37,31.37
755,25.38,20.86,17.37,18.65,25.38,20.86,17.37,18.65,32.19,32.19
756,26.62,23.87,15.94,18.67,26.62,23.87,15.94,18.69,32.27,32.27
757,26.56,18.49,18.63,18.34,26.56,18.49,18.63,18.34,31.81,31.81
758,27.4,23.99,15.8,18.62,27.4,23.99,15.8,18.62,32.18,32.18
759,26.29,21.74,17.87,18.24,26.29,21.74,17.87,18.27,31.78,31.78
76,26.51,21.74,16.97,18.39,26.51,21.74,16.97,18.4,32.27,32.27
760,25.95,24.59,15.66,18.76,25.95,24.59,15.66,18.76,32.41,32.41
761,26.89,20.53,18.05,18.59,26.89,20.53,18.05,18.59,32.23,32.23
762,25.97,21.06,16.82,18.29,25.97,21.06,16.82,18.3,31.64,31.64
763,23.96,19.51,20.63,18.13,23.96,19.51,20.63,18.15,31.87,31.87
764,25.56,23.2,16.88,18.94,25.56,23.2,16.88,18.94,32.3,32.3
765,26.7,20.14,17.52,18.54,26.7,20.14,17.52,18.54,32.2,32.2
766,26.96,21.87,16.46,18.4,26.96,21.87,16.46,18.4,32.18,32.18
767,28.66,19.39,20.3,18.66,28.66,19.39,20.3,18.67,31.93,31.93
768,26.59,19.44,17.0,18.0,26.59,19.44,17.0,18.0,31.77,31.77
769,28.07,22.96,17.12,19.05,28.07,22.96,17.12,19.05,32.41,32.41
77,25.95,18.85,18.03,17.95,25.95,18.85,18.03,17.95,31.52,31.52
770,24.54,19.67,17.41,18.62,24.54,19.67,17.41,18.62,32.25,32.25
771,28.09,21.72,17.06,18.66,28.09,21.72,17.06,18.66,32.4,32.4
772,26.42,19.7,17.36,18.39,26.42,19.7,17.36,18.39,31.93,31.93
773,24.78,20.71,16.72,18.21,24.78,20.71,16.72,18.21,31.75,31.75
774,29.23,21.26,17.0,18.62,29.23,21.26,17.0,18.63,32.28,32.28
775,28.21,21.94,16.09,18.46,28.21,21.94,16.09,18.46,32.04,32.04
776,27.14,23.61,17.02,18.44,27.14,23.61,17.02,18.44,32.1,32.1
777,26.79,21.99,16.64,18.69,26.79,21.99,16.64,18.7,32.3,32.3
778,26.94,20.81,16.81,18.18,26.94,20.81,16.81,18.2,31.71,31.71
779,27.84,18.28,17.93,18.17,27.84,18.28,17.93,18.17,31.65,31.65
78,27.0,21.52,17.2,18.53,27.0,21.52,17.2,18.53,32.15,32.15
780,27.59,23.48,16.38,18.82,27.59,23.48,16.38,18.84,32.3,32.3
781,25.49,21.04,16.84,18.46,25.49,21.04,16.84,18.46,31.92,31.92
782,25.99,21.37,16.58,18.21,25.99,21.37,16.58,18.23,31.99,31.99
783,25.42,20.28,17.6,18.56,25.42,20.28,17.6,18.56,31.86,31.86
784,26.33,21.19,16.9,18.65,26.33,21.19,16.9,18.65,32.14,32.14
785,26.71,22.47,16.55,18.42,26.71,22.47,16.55,18.42,31.71,31.71
786,25.65,19.46,18.11,18.8,25.65,19.46,18.11,18.8,32.6,32.6
787,25.98,19.2,17.33,18.17,25.98,19.2,17.33,18.19,31.87,31.87
788,28.81,24.95,15.39,18.51,28.81,24.95,15.39,18.51,32.32,32.32
789,24.02,20.23,17.2,18.51,24.02,20.23,17.2,18.51,32.04,32.04
79,28.48,20.83,16.68,18.74,28.48,20.83,16.68,18.74,32.32,32.32
790,27.1,20.4,16.93,18.26,27.1,20.4,16.93,18.27,31.84,31.84
791,26.19,21.49,16.71,18.49,26.19,21.49,16.71,18.51,32.1,32.1
792,23.34,20.45,21.21,18.6,23.34,20.45,21.21,18.61,32.15,32.15
793,27.17,22.36,16.31,18.59,27.17,22.36,16.31,18.6,32.13,32.13
794,26.61,22.2,15.88,18.66,26.61,22.2,15.88,18.66,32.32,32.32
795,26.42,20.96,17.15,18.45,26.42,20.96,17.15,18.47,32.35,32.35
796,27.47,23.1,16.66,18.81,27.47,23.1,16.66,18.81,32.52,32.52
797,27.19,18.81,18.49,18.01,27.19,18.81,18.49,18.02,31.62,31.62
798,28.28,21.51,17.28,18.73,28.28,21.51,17.28,18.73,32.06,32.06
799,27.08,20.13,16.41,18.02,27.08,20.13,16.41,18.02,31.71,31.71
8,26.05,21.56,16.56,18.41,26.05,21.56,16.56,18.41,31.77,31.77
80,25.04,19.76,18.85,18.5,25.04,19.76,18.85,18.5,32.02,32.02
800,27.17,18.93,16.9,18.38,27.17,18.93,16.9,18.38,31.96,31.96
801,27.24,21.45,16.93,18.58,27.24,21.45,16.93,18.59,31.98,31.98
802,26.45,18.28,17.79,18.12,26.45,18.28,17.79,18.12,31.63,31.63
803,28.09,25.17,15.27,18.53,28.09,25.17,15.27,18.53,32.11,32.11
804,27.08,22.92,16.82,18.95,27.08,22.92,16.82,18.96,32.65,32.65
805,26.1,21.97,16.45,18.09,26.1,21.97,16.45,18.1,31.81,31.81
806,27.7,18.68,18.4,18.57,27.7,18.68,18.4,18.59,31.88,31.88
807,25.91,19.28,17.43,18.4,25.91,19.28,17.43,18.42,32.19,32.19
808,27.32,18.95,17.95,18.14,27.32,18.95,17.95,18.14,31.78,31.78
809,27.49,20.25,20.9,18.86,27.49,20.25,20.9,18.86,32.28,32.28
81,26.14,22.86,16.54,18.67,26.14,22.86,16.54,18.67,32.08,32.08
810,26.52,22.56,16.6,18.53,26.52,22.56,16.6,18.53,32.07,32.07
811,27.51,20.34,16.12,18.42,27.51,20.34,16.12,18.43,32.21,32.21
812,26.7,22.28,16.57,18.66,26.7,22.28,16.57,18.66,32.3,32.3
813,28.23,22.43,16.53,18.67,28.23,22.43,16.53,18.67,32.28,32.28
814,28.21,21.71,15.97,18.6,28.21,21.71,15.97,18.6,31.78,31.78
815,25.67,20.42,17.81,18.24,25.67,20.42,17.81,18.25,31.85,31.85
816,27.54,19.42,18.11,18.24,27.54,19.42,18.11,18.24,31.81,31.81
817,27.65,24.1,15.77,18.55,27.65,24.1,15.77,18.55,32.1,32.1
818,27.39,19.98,17.26,18.53,27.39,19.98,17.26,18.53,32.16,32.16
819,27.16,18.71,18.09,18.3,27.16,18.71,18.09,18.3,31.96,31.96
82,28.66,23.27,15.38,18.47,28.66,23.27,15.38,18.48,32.32,32.32
820,26.44,21.92,16.3,18.49,26.44,21.92,16.3,18.5,32.14,32.14
821,24.38,20.08,17.04,18.53,24.38,20.08,17.04,18.55,32.45,32.45
822,25.58,18.53,18.44,18.14,25.58,18.53,18.44,18.14,31.89,31.89
823,26.82,19.84,17.27,18.06,26.82,19.84,17.27,18.06,31.6,31.6
824,28.66,21.81,15.88,18.65,28.66,21.81,15.88,18.65,32.24,32.24
825,26.24,20.68,17.28,18.63,26.24,20.68,17.28,18.64,32.27,32.27
826,25.99,19.69,17.42,18.48,25.99,19.69,17.42,18.48,32.22,32.22
827,26.05,21.33,17.21,18.72,26.05,21.33,17.21,18.74,32.25,32.25
828,24.78,18.34,18.3,18.48,24.78,18.34,18.3,18.48,32.06,32.06
829,25.66,19.13,17.39,18.02,25.66,19.13,17.39,18.04,31.73,31.73
83,27.53,23.39,16.85,19.05,27.53,23.39,16.85,19.05,32.15,32.15
830,27.47,18.2,17.93,18.41,27.47,18.2,17.93,18.41,31.74,31.74
831,26.14,19.26,17.45,18.18,26.14,19.26,17.45,18.19,31.74,31.74
832,25.54,18.24,17.87,18.02,25.54,18.24,17.87,18.02,31.86,31.86
833,27.18,21.61,17.18,18.66,27.18,21.61,17.18,18.67,32.13,32.13
834,26.28,21.0,17.15,18.59,26.28,21.0,17.15,18.59,32.05,32.05
835,26.6,21.56,17.01,18.34,26.6,21.56,17.01,18.34,32.06,32.06
836,26.19,20.46,17.26,18.44,26.19,20.46,17.26,18.45,32.13,32.13
837,26.37,21.95,16.38,18.5,26.37,21.95,16.38,18.5,32.35,32.35
838,25.38,20.05,17.57,18.61,25.38,20.05,17.57,18.61,32.02,32.02
839,25.91,20.15,17.25,18.4,25.91,20.15,17.25,18.4,31.98,31.98
84,26.62,20.13,16.81,18.14,26.62,20.13,16.81,18.15,31.71,31.71
840,25.56,18.27,17.81,18.12,25.56,18.27,17.81,18.12,31.72,31.72
841,26.91,22.66,15.63,18.11,26.91,22.66,15.63,18.12,31.79,31.79
842,28.42,21.84,16.27,18.57,28.42,21.84,16.27,18.58,32.19,32.19
843,27.37,21.61,16.7,18.28,27.37,21.61,16.7,18.28,32.03,32.03
844,26.29,20.59,16.74,18.3,26.29,20.59,16.74,18.3,31.93,31.93
845,27.17,23.36,16.7,18.91,27.17,23.36,16.7,18.91,32.12,32.12
846,27.52,25.9,15.41,18.92,27.52,25.9,15.41,18.92,32.38,32.38
847,25.92,19.98,21.06,18.5,25.92,19.98,21.06,18.5,32.31,32.31
848,26.09,21.2,17.31,18.57,26.09,21.2,17.31,18.57,32.2,32.2
849,28.18,21.15,17.03,18.55,28.18,21.15,17.03,18.56,32.07,32.07
85,27.64,20.56,22.83,18.75,27.64,20.56,22.83,18.75,32.18,32.18
850,26.73,21.96,16.51,18.5,26.73,21.96,16.51,18.52,31.96,31.96
851,26.1,19.01,18.4,18.23,26.1,19.01,18.4,18.23,31.9,31.9
852,24.91,19.36,17.31,18.1,24.91,19.36,17.31,18.12,31.69,31.69
853,26.26,19.0,21.04,18.19,26.26,19.0,21.04,18.2,31.57,31.57
854,28.93,23.76,16.02,18.61,28.93,23.76,16.02,18.61,32.27,32.27
855,28.51,23.09,14.87,18.25,28.51,23.09,14.87,18.27,31.74,31.74
856,28.32,21.15,17.14,18.68,28.32,21.15,17.14,18.68,32.36,32.36
857,27.8,22.37,15.8,18.06,27.8,22.37,15.8,18.06,31.53,31.53
858,25.76,20.34,16.94,18.36,25.76,20.34,16.94,18.39,31.9,31.9
859,26.3,21.06,16.67,18.43,26.3,21.06,16.67,18.43,32.21,32.21
86,24.6,20.94,17.1,18.27,24.6,20.94,17.1,18.29,32.06,32.06
860,28.11,21.99,17.03,18.72,28.11,21.99,17.03,18.72,32.06,32.06
861,26.59,22.98,15.98,18.64,26.59,22.98,15.98,18.66,32.3,32.3
862,28.26,23.93,16.11,18.83,28.26,23.93,16.11,18.84,32.46,32.46
863,26.41,19.99,17.45,18.56,26.41,19.99,17.45,18.56,31.95,31.95
864,26.05,23.4,16.18,18.62,26.05,23.4,16.18,18.63,32.22,32.22
865,24.96,20.52,17.12,18.42,24.96,20.52,17.12,18.44,31.75,31.75
866,27.18,19.39,17.99,18.6,27.18,19.39,17.99,18.61,32.18,32.18
867,27.65,21.07,16.81,18.41,27.65,21.07,16.81,18.44,32.04,32.04
868,27.91,21.07,17.86,18.39,27.91,21.07,17.86,18.39,31.86,31.86
869,27.0,22.37,16.48,18.66,27.0,22.37,16.48,18.67,32.37,32.37
87,26.67,24.95,15.39,18.76,26.67,24.95,15.39,18.76,32.35,32.35
870,28.27,22.57,16.49,18.36,28.27,22.57,16.49,18.37,31.97,31.97
871,26.39,19.42,16.59,18.36,26.39,19.42,16.59,18.37,31.78,31.78
872,27.0,20.56,17.21,18.47,27.0,20.56,17.21,18.47,32.24,32.24
873,26.93,20.74,17.13,18.3,26.93,20.74,17.13,18.3,31.85,31.85
874,25.69,19.1,17.21,18.12,25.69,19.1,17.21,18.12,31.58,31.58
875,25.57,19.5,17.69,18.45,25.57,19.5,17.69,18.45,31.67,31.67
876,26.4,21.07,16.69,18.39,26.4,21.07,16.69,18.39,31.95,31.95
877,28.47,21.38,16.29,18.22,28.47,21.38,16.29,18.22,31.85,31.85
878,26.42,19.55,20.63,18.56,26.42,19.55,20.63,18.57,31.98,31.98
879,26.34,19.24,17.4,18.5,26.34,19.24,17.4,18.51,31.89,31.89
88,26.57,21.88,16.86,18.63,26.57,21.88,16.86,18.63,32.18,32.18
880,23.61,18.26,17.85,18.29,23.61,18.26,17.85,18.29,31.99,31.99
881,28.0,22.09,16.13,18.29,28.0,22.09,16.13,18.3,32.04,32.04
882,25.11,18.05,18.23,18.37,25.11,18.05,18.23,18.37,32.1,32.1
883,26.4,20.87,16.8,18.18,26.4,20.87,16.8,18.2,31.71,31.71
884,26.78,19.69,17.33,18.3,26.78,19.69,17.33,18.31,31.97,31.97
885,27.67,24.07,15.93,18.71,27.67,24.07,15.93,18.73,32.57,32.57
886,28.46,23.06,16.12,18.56,28.46,23.06,16.12,18.57,31.99,31.99
887,26.87,21.96,16.58,18.57,26.87,21.96,16.58,18.58,32.22,32.22
888,28.55,23.23,16.3,18.64,28.55,23.23,16.3,18.64,32.43,32.43
889,26.13,18.27,17.78,18.23,26.13,18.27,17.78,18.23,32.01,32.01
89,25.75,19.16,17.95,18.39,25.75,19.16,17.95,18.39,31.99,31.99
890,24.84,19.71,17.25,18.31,24.84,19.71,17.25,18.31,32.19,32.19
891,26.06,18.81,19.32,17.97,26.06,18.81,19.32,17.97,31.73,31.73
892,27.11,19.23,17.93,18.47,27.11,19.23,17.93,18.47,32.1,32.1
893,26.48,19.75,16.04,18.39,26.48,19.75,16.04,18.4,32.12,32.12
894,27.04,20.52,16.06,17.84,27.04,20.52,16.06,17.88,31.98,31.98
895,26.22,21.35,17.02,18.48,26.22,21.35,17.02,18.52,32.26,32.26
896,26.73,20.39,16.75,18.33,26.73,20.39,16.75,18.33,31.89,31.89
897,26.18,22.87,16.02,18.33,26.18,22.87,16.02,18.34,31.82,31.82
898,26.76,23.13,16.51,18.83,26.76,23.13,16.51,18.83,32.65,32.65
899,27.12,21.93,16.7,18.53,27.12,21.93,16.7,18.54,32.29,32.29
9,26.43,22.31,16.38,18.49,26.43,22.31,16.38,18.5,32.22,32.22
90,27.24,23.54,15.78,18.86,27.24,23.54,15.78,18.88,32.41,32.41
900,24.58,20.98,21.84,18.16,24.58,20.98,21.84,18.16,31.82,31.82
901,25.91,22.29,15.39,18.27,25.91,22.29,15.39,18.29,32.04,32.04
902,27.06,19.81,18.86,18.15,27.06,19.81,18.86,18.16,31.63,31.63
903,26.03,20.03,21.0,18.15,26.03,20.03,21.0,18.15,32.02,32.02
904,26.15,21.31,16.78,18.57,26.15,21.31,16.78,18.6,31.97,31.97
905,24.0,18.24,17.59,18.0,24.0,18.24,17.59,18.0,31.74,31.74
906,27.58,21.34,16.86,18.61,27.58,21.34,16.86,18.61,32.13,32.13
907,27.46,22.07,16.54,18.53,27.46,22.07,16.54,18.53,32.19,32.19
908,27.38,24.63,15.7,18.67,27.38,24.63,15.7,18.67,32.25,32.25
909,26.58,21.12,17.36,18.66,26.58,21.12,17.36,18.67,32.2,32.2
91,25.75,20.78,17.4,18.43,25.75,20.78,17.4,18.43,31.88,31.88
910,26.42,21.35,17.46,18.7,26.42,21.35,17.46,18.73,32.32,32.32
911,26.83,21.2,16.72,18.42,26.83,21.2,16.72,18.44,32.07,32.07
912,27.68,21.54,21.34,18.66,27.68,21.54,21.34,18.67,32.27,32.27
913,26.34,20.65,17.57,18.51,26.34,20.65,17.57,18.51,32.14,32.14
914,28.25,18.92,20.2,18.31,28.25,18.92,20.2,18.31,31.84,31.84
915,26.7,21.12,17.04,18.45,26.7,21.12,17.04,18.45,31.94,31.94
916,26.14,21.27,16.89,18.54,26.14,21.27,16.89,18.54,32.38,32.38
917,25.94,20.06,17.64,17.98,25.94,20.06,17.64,17.98,31.46,31.46
918,28.58,22.09,14.65,18.28,28.58,22.09,14.65,18.3,31.74,31.74
919,26.26,22.16,15.82,18.02,26.26,22.16,15.82,18.04,31.6,31.6
92,25.77,20.47,16.67,18.3,25.77,20.47,16.67,18.3,31.77,31.77
920,28.58,22.2,16.27,18.34,28.58,22.2,16.27,18.37,32.09,32.09
921,26.75,21.5,17.38,18.58,26.75,21.5,17.38,18.59,32.21,32.21
922,27.41,21.67,17.01,18.52,27.41,21.67,17.01,18.52,31.95,31.95
923,26.42,19.14,20.16,18.12,26.42,19.14,20.16,18.13,31.67,31.67
924,29.34,22.96,14.5,18.45,29.34,22.96,14.5,18.45,32.15,32.15
925,26.31,18.86,17.06,17.99,26.31,18.86,17.06,18.01,31.56,31.56
926,25.23,17.64,19.45,18.2,25.23,17.64,19.45,18.2,31.87,31.87
927,26.65,21.83,16.83,18.26,26.65,21.83,16.83,18.26,31.66,31.66
928,23.57,19.52,17.98,18.85,23.57,19.52,17.98,18.85,32.33,32.33
929,27.46,18.66,20.4,18.21,27.46,18.66,20.4,18.22,31.86,31.86
93,27.51,21.99,16.82,18.6,27.51,21.99,16.82,18.6,32.34,32.34
930,28.95,24.39,15.87,18.68,28.95,24.39,15.87,18.68,32.15,32.15
931,26.5,20.34,17.53,18.47,26.5,20.34,17.53,18.49,32.04,32.04
932,26.57,20.57,17.21,18.21,26.57,20.57,17.21,18.22,31.73,31.73
933,28.39,23.03,16.27,18.63,28.39,23.03,16.27,18.66,32.29,32.29
934,26.04,19.73,17.57,18.47,26.04,19.73,17.57,18.47,32.01,32.01
935,26.56,20.85,16.59,18.7,26.56,20.85,16.59,18.7,32.02,32.02
936,26.74,19.32,17.85,18.19,26.74,19.32,17.85,18.19,31.97,31.97
937,27.37,20.0,18.37,18.46,27.37,20.0,18.37,18.47,31.95,31.95
938,26.18,19.34,18.13,18.33,26.18,19.34,18.13,18.35,31.95,31.95
939,28.23,19.38,18.12,18.44,28.23,19.38,18.12,18.44,32.04,32.04
94,27.16,21.08,16.83,18.44,27.16,21.08,16.83,18.44,32.09,32.09
940,25.52,18.57,17.72,18.17,25.52,18.57,17.72,18.19,31.93,31.93
941,26.07,20.97,17.68,18.96,26.07,20.97,17.68,18.96,32.46,32.46
942,26.06,22.19,17.12,18.77,26.06,22.19,17.12,18.77,32.29,32.29
943,25.59,19.29,17.04,18.46,25.59,19.29,17.04,18.46,32.1,32.1
944,25.99,23.4,16.21,18.6,25.99,23.4,16.21,18.6,32.26,32.26
945,27.21,19.39,16.5,18.14,27.21,19.39,16.5,18.15,31.53,31.53
946,26.89,21.59,17.1,18.51,26.89,21.59,17.1,18.52,32.16,32.16
947,25.86,20.38,17.46,18.58,25.86,20.38,17.46,18.58,32.34,32.34
948,26.39,18.46,19.91,18.27,26.39,18.46,19.91,18.27,31.6,31.6
949,27.24,20.64,17.55,18.57,27.24,20.64,17.55,18.57,32.2,32.2
95,26.19,21.71,16.8,18.68,26.19,21.71,16.8,18.69,32.17,32.17
950,25.1,21.73,17.26,18.92,25.1,21.73,17.26,18.92,32.34,32.34
951,26.83,21.87,16.39,18.34,26.83,21.87,16.39,18.35,31.93,31.93
952,26.9,21.25,16.82,18.14,26.9,21.25,16.82,18.14,32.02,32.02
953,26.52,19.8,17.61,18.36,26.52,19.8,17.61,18.36,31.9,31.9
954,25.07,19.93,17.57,18.46,25.07,19.93,17.57,18.46,32.0,32.0
955,26.08,18.88,17.0,18.03,26.08,18.88,17.0,18.05,31.95,31.95
956,27.11,22.66,16.21,18.17,27.11,22.66,16.21,18.17,31.81,31.81
957,26.5,21.34,16.57,18.38,26.5,21.34,16.57,18.41,32.19,32.19
958,24.37,20.78,17.18,18.42,24.37,20.78,17.18,18.42,31.99,31.99
959,23.82,19.05,17.28,18.41,23.82,19.05,17.28,18.42,32.31,32.31
96,26.74,21.2,17.18,18.58,26.74,21.2,17.18,18.59,31.65,31.65
960,25.91,20.45,17.26,18.41,25.91,20.45,17.26,18.41,31.81,31.81
961,26.65,22.35,16.53,18.57,26.65,22.35,16.53,18.57,32.2,32.2
962,27.78,21.04,16.54,18.1,27.78,21.04,16.54,18.1,32.1,32.1
963,25.74,20.97,16.88,18.05,25.74,20.97,16.88,18.06,32.06,32.06
964,26.71,21.54,16.97,18.58,26.71,21.54,16.97,18.59,32.03,32.03
965,25.78,19.66,17.08,18.49,25.78,19.66,17.08,18.49,32.18,32.18
966,24.15,18.71,16.96,18.03,24.15,18.71,16.96,18.03,31.66,31.66
967,27.16,21.23,16.75,18.43,27.16,21.23,16.75,18.43,32.02,32.02
968,23.68,19.14,18.14,18.31,23.68,19.14,18.14,18.32,31.96,31.96
969,26.5,22.83,16.51,18.55,26.5,22.83,16.51,18.55,32.21,32.21
97,26.83,22.72,16.27,18.48,26.83,22.72,16.27,18.51,32.11,32.11
970,27.25,21.76,17.37,18.61,27.25,21.76,17.37,18.62,32.16,32.16
971,25.0,20.72,17.46,18.54,25.0,20.72,17.46,18.54,32.09,32.09
972,26.99,19.14,17.27,18.07,26.99,19.14,17.27,18.08,31.6,31.6
973,27.78,19.07,17.72,18.5,27.78,19.07,17.72,18.5,32.07,32.07
974,25.42,22.13,16.03,18.69,25.42,22.13,16.03,18.69,32.21,32.21
975,25.71,19.99,21.5,18.49,25.71,19.99,21.5,18.49,31.85,31.85
976,27.35,20.18,15.54,18.12,27.35,20.18,15.54,18.13,31.79,31.79
977,26.81,19.0,17.37,18.23,26.81,19.0,17.37,18.23,31.78,31.78
978,26.35,21.48,16.84,18.39,26.35,21.48,16.84,18.39,32.05,32.05
979,24.91,20.13,16.91,18.23,24.91,20.13,16.91,18.26,31.79,31.79
98,27.13,18.8,17.89,18.32,27.13,18.8,17.89,18.32,31.94,31.94
980,27.64,19.67,17.41,18.31,27.64,19.67,17.41,18.31,32.15,32.15
981,26.72,23.85,15.98,18.59,26.72,23.85,15.98,18.59,32.19,32.19
982,27.86,20.82,16.65,18.45,27.86,20.82,16.65,18.45,32.08,32.08
983,28.34,24.23,15.59,18.26,28.34,24.23,15.59,18.28,31.82,31.82
984,26.08,22.22,16.24,18.47,26.08,22.22,16.24,18.49,32.13,32.13
985,26.3,21.28,17.26,18.72,26.3,21.28,17.26,18.72,32.41,32.41
986,25.24,21.18,17.29,18.7,25.24,21.18,17.29,18.7,32.32,32.32
987,27.04,22.63,15.88,18.14,27.04,22.63,15.88,18.14,31.96,31.96
988,25.78,20.92,16.47,18.22,25.78,20.92,16.47,18.23,31.98,31.98
989,27.89,20.85,16.71,18.26,27.89,20.85,16.71,18.26,31.92,31.92
99,27.09,21.5,16.92,18.82,27.09,21.5,16.92,18.82,32.34,32.34
990,26.07,20.54,16.84,18.45,26.07,20.54,16.84,18.46,31.92,31.92
991,26.55,24.0,13.65,18.54,26.55,24.0,13.65,18.54,32.27,32.27
992,26.48,22.37,22.8,18.65,26.48,22.37,22.8,18.65,32.25,32.25
993,27.99,21.96,15.89,18.38,27.99,21.96,15.89,18.38,31.86,31.86
994,28.15,22.47,16.97,18.67,28.15,22.47,16.97,18.69,32.23,32.23
995,27.62,22.26,16.61,18.51,27.62,22.26,16.61,18.52,32.12,32.12
996,25.31,22.09,23.65,18.62,25.31,22.09,23.65,18.62,32.34,32.34
997,27.11,22.51,16.24,18.5,27.11,22.51,16.24,18.51,32.18,32.18
998,23.93,19.79,16.6,18.19,23.93,19.79,16.6,18.19,31.69,31.69
999,25.2,21.33,16.52,18.62,25.2,21.33,16.52,18.62,32.23,32.23
