,Period,Pair,Slope,Std_dev,start_time,end_time,Market_type,A_symbol,B_symbol
0,2024-05-06/2024-05-12,ETH/BTC,-0.00013442072794130446,0.0021480381738475094,2024-05-06,2024-05-12 23:59:59.999999999,calm_market,ETH,BTC
1,2024-05-13/2024-05-19,ETH/BTC,-0.00013334878487464722,0.0027534160559568852,2024-05-13,2024-05-19 23:59:59.999999999,calm_market,ETH,BTC
2,2024-05-20/2024-05-26,ETH/BTC,0.0008250683580287885,0.00822372457360762,2024-05-20,2024-05-26 23:59:59.999999999,bull_market,ETH,BTC
3,2024-05-27/2024-06-02,ETH/BTC,-8.771713995011216e-05,0.0026133124427616746,2024-05-27,2024-06-02 23:59:59.999999999,calm_market,ETH,BTC
4,2024-06-03/2024-06-09,ETH/BTC,-0.00023668788400782692,0.002042047227297875,2024-06-03,2024-06-09 23:59:59.999999999,calm_market,ETH,BTC
5,2024-06-10/2024-06-16,ETH/BTC,0.00014989065139566128,0.0029916077903849544,2024-06-10,2024-06-16 23:59:59.999999999,calm_market,ETH,BTC
6,2024-06-17/2024-06-23,ETH/BTC,0.00015895767342115184,0.0027855232748672026,2024-06-17,2024-06-23 23:59:59.999999999,calm_market,ETH,BTC
7,2024-06-24/2024-06-30,ETH/BTC,0.00011013664678290946,0.0028594809131696586,2024-06-24,2024-06-30 23:59:59.999999999,calm_market,ETH,BTC
8,2024-07-01/2024-07-07,ETH/BTC,-0.0003892387703414921,0.003469198169885368,2024-07-01,2024-07-07 23:59:59.999999999,bear_market,ETH,BTC
9,2024-07-08/2024-07-14,ETH/BTC,8.289281187681392e-05,0.0029854924690757663,2024-07-08,2024-07-14 23:59:59.999999999,calm_market,ETH,BTC
10,2024-07-15/2024-07-21,ETH/BTC,-0.00018051615380964544,0.0021904115722755435,2024-07-15,2024-07-21 23:59:59.999999999,calm_market,ETH,BTC
11,2024-07-22/2024-07-28,ETH/BTC,-0.0006825572408136558,0.0037635777025061385,2024-07-22,2024-07-28 23:59:59.999999999,bear_market,ETH,BTC
12,2024-07-29/2024-08-04,ETH/BTC,-0.0002494936225778252,0.003781748473093304,2024-07-29,2024-08-04 23:59:59.999999999,calm_market,ETH,BTC
13,2024-08-05/2024-08-11,ETH/BTC,-0.0001925931229163051,0.006892016809996695,2024-08-05,2024-08-11 23:59:59.999999999,volatile_market,ETH,BTC
14,2024-08-12/2024-08-18,ETH/BTC,-9.138457243393901e-05,0.003520878963007666,2024-08-12,2024-08-18 23:59:59.999999999,calm_market,ETH,BTC
15,2024-08-19/2024-08-25,ETH/BTC,-0.00018457708625872643,0.0029533638923991508,2024-08-19,2024-08-25 23:59:59.999999999,calm_market,ETH,BTC
16,2024-08-26/2024-09-01,ETH/BTC,1.9686548720249886e-05,0.00340752900779407,2024-08-26,2024-09-01 23:59:59.999999999,calm_market,ETH,BTC
17,2024-09-02/2024-09-08,ETH/BTC,-0.0001345952349798499,0.0030709169225592837,2024-09-02,2024-09-08 23:59:59.999999999,calm_market,ETH,BTC
18,2024-09-09/2024-09-15,ETH/BTC,-0.0002748632780810394,0.002217189928151535,2024-09-09,2024-09-15 23:59:59.999999999,calm_market,ETH,BTC
19,2024-09-16/2024-09-22,ETH/BTC,0.0003558875131627951,0.0033219205573569817,2024-09-16,2024-09-22 23:59:59.999999999,bull_market,ETH,BTC
20,2024-09-23/2024-09-29,ETH/BTC,-0.00020397985982617417,0.0025467449545791,2024-09-23,2024-09-29 23:59:59.999999999,calm_market,ETH,BTC
21,2024-09-30/2024-10-06,ETH/BTC,-0.0004042374895004825,0.0026169183902781793,2024-09-30,2024-10-06 23:59:59.999999999,bear_market,ETH,BTC
22,2024-10-07/2024-10-13,ETH/BTC,3.7226970899261906e-05,0.0026242640965856603,2024-10-07,2024-10-13 23:59:59.999999999,calm_market,ETH,BTC
23,2024-10-14/2024-10-20,ETH/BTC,-0.00010862641300283514,0.002977435099215716,2024-10-14,2024-10-20 23:59:59.999999999,calm_market,ETH,BTC
24,2024-10-21/2024-10-27,ETH/BTC,-0.0005537942316120388,0.002685071704725802,2024-10-21,2024-10-27 23:59:59.999999999,bear_market,ETH,BTC
25,2024-10-28/2024-11-03,ETH/BTC,-0.0001911848359338867,0.003197048234485889,2024-10-28,2024-11-03 23:59:59.999999999,calm_market,ETH,BTC
26,2024-11-04/2024-11-10,ETH/BTC,0.0009842813967115822,0.0057059661957646205,2024-11-04,2024-11-10 23:59:59.999999999,bull_market,ETH,BTC
27,2024-11-11/2024-11-17,ETH/BTC,-0.00085869320522657,0.00565564784083836,2024-11-11,2024-11-17 23:59:59.999999999,bear_market,ETH,BTC
28,2024-11-18/2024-11-24,ETH/BTC,9.845108300105142e-05,0.006681631631329085,2024-11-18,2024-11-24 23:59:59.999999999,volatile_market,ETH,BTC
29,2024-11-25/2024-12-01,ETH/BTC,0.0004902192136103101,0.005060384311480463,2024-11-25,2024-12-01 23:59:59.999999999,bull_market,ETH,BTC
30,2024-12-02/2024-12-08,ETH/BTC,0.0004342642675086038,0.005378829532670462,2024-12-02,2024-12-08 23:59:59.999999999,bull_market,ETH,BTC
31,2024-12-09/2024-12-15,ETH/BTC,-8.987332741632437e-05,0.004348914929795179,2024-12-09,2024-12-15 23:59:59.999999999,calm_market,ETH,BTC
32,2024-12-16/2024-12-22,ETH/BTC,-0.0006493522465496702,0.005546586570781081,2024-12-16,2024-12-22 23:59:59.999999999,bear_market,ETH,BTC
33,2024-12-23/2024-12-29,ETH/BTC,4.205448633132697e-05,0.0036941964478240602,2024-12-23,2024-12-29 23:59:59.999999999,calm_market,ETH,BTC
34,2024-12-30/2025-01-05,ETH/BTC,0.00018960914506556598,0.0025845246107385413,2024-12-30,2025-01-05 23:59:59.999999999,calm_market,ETH,BTC
35,2025-01-06/2025-01-12,ETH/BTC,-0.0003627788293015445,0.0030718965997628776,2025-01-06,2025-01-12 23:59:59.999999999,bear_market,ETH,BTC
36,2025-01-13/2025-01-19,ETH/BTC,-0.00043391130174424085,0.006654892065695767,2025-01-13,2025-01-19 23:59:59.999999999,bear_market,ETH,BTC
37,2025-01-20/2025-01-26,ETH/BTC,1.9371865700708203e-05,0.004938038662821958,2025-01-20,2025-01-26 23:59:59.999999999,calm_market,ETH,BTC
38,2025-01-27/2025-02-02,ETH/BTC,9.080765098410444e-05,0.004519850073696946,2025-01-27,2025-02-02 23:59:59.999999999,calm_market,ETH,BTC
39,2025-02-03/2025-02-09,ETH/BTC,-7.647816512904218e-05,0.010547128839046125,2025-02-03,2025-02-09 23:59:59.999999999,volatile_market,ETH,BTC
40,2025-02-10/2025-02-16,ETH/BTC,0.00013630124939964874,0.003813223149368977,2025-02-10,2025-02-16 23:59:59.999999999,calm_market,ETH,BTC
41,2025-02-17/2025-02-23,ETH/BTC,0.00013543568707696926,0.004635641440051152,2025-02-17,2025-02-23 23:59:59.999999999,calm_market,ETH,BTC
42,2025-02-24/2025-03-02,ETH/BTC,-0.0005641594613658039,0.00733259650621529,2025-02-24,2025-03-02 23:59:59.999999999,bear_market,ETH,BTC
43,2025-03-03/2025-03-09,ETH/BTC,-5.363103521814461e-05,0.005374074848618076,2025-03-03,2025-03-09 23:59:59.999999999,volatile_market,ETH,BTC
44,2025-03-10/2025-03-16,ETH/BTC,-0.0004447475751028751,0.006033434593946573,2025-03-10,2025-03-16 23:59:59.999999999,bear_market,ETH,BTC
45,2025-03-17/2025-03-23,ETH/BTC,0.0001976954879063397,0.003573652595292391,2025-03-17,2025-03-23 23:59:59.999999999,calm_market,ETH,BTC
46,2025-03-24/2025-03-30,ETH/BTC,-0.0005423401654939282,0.0038060757011964337,2025-03-24,2025-03-30 23:59:59.999999999,bear_market,ETH,BTC
47,2025-03-31/2025-04-06,ETH/BTC,-0.0003056533944127632,0.004352599772221435,2025-03-31,2025-04-06 23:59:59.999999999,calm_market,ETH,BTC
48,2025-04-07/2025-04-13,ETH/BTC,-0.0002575195463433251,0.0071174029101392115,2025-04-07,2025-04-13 23:59:59.999999999,volatile_market,ETH,BTC
49,2025-04-14/2025-04-20,ETH/BTC,-0.00018422759362040427,0.003782301125030592,2025-04-14,2025-04-20 23:59:59.999999999,calm_market,ETH,BTC
50,2025-04-21/2025-04-27,ETH/BTC,0.0002495249919064462,0.00467503655600805,2025-04-21,2025-04-27 23:59:59.999999999,calm_market,ETH,BTC
51,2025-04-28/2025-05-04,ETH/BTC,2.993070941169895e-05,0.0027453831199205363,2025-04-28,2025-05-04 23:59:59.999999999,calm_market,ETH,BTC
52,2025-05-05/2025-05-11,ETH/BTC,-0.0004451085865229684,0.0028491079656370634,2025-05-05,2025-05-11 23:59:59.999999999,bear_market,ETH,BTC
53,2024-05-06/2024-05-12,ADA/BTC,9.873544778546766e-05,0.00438883739130252,2024-05-06,2024-05-12 23:59:59.999999999,calm_market,ADA,BTC
54,2024-05-13/2024-05-19,ADA/BTC,0.0001617218053636837,0.005035427127835444,2024-05-13,2024-05-19 23:59:59.999999999,calm_market,ADA,BTC
55,2024-05-20/2024-05-26,ADA/BTC,-0.0004243782842511567,0.005322648653544616,2024-05-20,2024-05-26 23:59:59.999999999,bear_market,ADA,BTC
56,2024-05-27/2024-06-02,ADA/BTC,-0.00012789813076332385,0.00322493682067677,2024-05-27,2024-06-02 23:59:59.999999999,calm_market,ADA,BTC
57,2024-06-03/2024-06-09,ADA/BTC,-0.00026649216343728216,0.004938805994561094,2024-06-03,2024-06-09 23:59:59.999999999,calm_market,ADA,BTC
58,2024-06-10/2024-06-16,ADA/BTC,-0.00015467815975685884,0.003812332067117085,2024-06-10,2024-06-16 23:59:59.999999999,calm_market,ADA,BTC
59,2024-06-17/2024-06-23,ADA/BTC,-3.870002167831646e-05,0.006663194496129894,2024-06-17,2024-06-23 23:59:59.999999999,volatile_market,ADA,BTC
60,2024-06-24/2024-06-30,ADA/BTC,0.0001544873612611802,0.005272502072630732,2024-06-24,2024-06-30 23:59:59.999999999,volatile_market,ADA,BTC
61,2024-07-01/2024-07-07,ADA/BTC,-0.0003068398602229489,0.008281207671552604,2024-07-01,2024-07-07 23:59:59.999999999,bear_market,ADA,BTC
62,2024-07-08/2024-07-14,ADA/BTC,0.0009503870853642892,0.006402604536124875,2024-07-08,2024-07-14 23:59:59.999999999,bull_market,ADA,BTC
63,2024-07-15/2024-07-21,ADA/BTC,-0.0005347385542826109,0.005493773548507213,2024-07-15,2024-07-21 23:59:59.999999999,bear_market,ADA,BTC
64,2024-07-22/2024-07-28,ADA/BTC,-0.00036189526781216794,0.004726077902181962,2024-07-22,2024-07-28 23:59:59.999999999,bear_market,ADA,BTC
65,2024-07-29/2024-08-04,ADA/BTC,-0.0002012469633046052,0.005092259385945178,2024-07-29,2024-08-04 23:59:59.999999999,calm_market,ADA,BTC
66,2024-08-05/2024-08-11,ADA/BTC,-0.00020406804047677605,0.0064664142820542395,2024-08-05,2024-08-11 23:59:59.999999999,volatile_market,ADA,BTC
67,2024-08-12/2024-08-18,ADA/BTC,-5.103726361721681e-05,0.004860383231287471,2024-08-12,2024-08-18 23:59:59.999999999,calm_market,ADA,BTC
68,2024-08-19/2024-08-25,ADA/BTC,0.0005104713997724908,0.005584466284972764,2024-08-19,2024-08-25 23:59:59.999999999,bull_market,ADA,BTC
69,2024-08-26/2024-09-01,ADA/BTC,-4.621771013632126e-05,0.004449178889266951,2024-08-26,2024-09-01 23:59:59.999999999,calm_market,ADA,BTC
70,2024-09-02/2024-09-08,ADA/BTC,0.0005737859145127923,0.004993768493136601,2024-09-02,2024-09-08 23:59:59.999999999,bull_market,ADA,BTC
71,2024-09-09/2024-09-15,ADA/BTC,-0.00027106439050322964,0.004154395833587411,2024-09-09,2024-09-15 23:59:59.999999999,calm_market,ADA,BTC
72,2024-09-16/2024-09-22,ADA/BTC,-6.779592252696667e-05,0.003689154851102777,2024-09-16,2024-09-22 23:59:59.999999999,calm_market,ADA,BTC
73,2024-09-23/2024-09-29,ADA/BTC,0.0004977079786235067,0.004242889605316459,2024-09-23,2024-09-29 23:59:59.999999999,bull_market,ADA,BTC
74,2024-09-30/2024-10-06,ADA/BTC,-0.0004203725448484687,0.0047491937500102836,2024-09-30,2024-10-06 23:59:59.999999999,bear_market,ADA,BTC
75,2024-10-07/2024-10-13,ADA/BTC,-2.1114793406078726e-05,0.003294334633811471,2024-10-07,2024-10-13 23:59:59.999999999,calm_market,ADA,BTC
76,2024-10-14/2024-10-20,ADA/BTC,-0.00046309392901049297,0.004512055209963031,2024-10-14,2024-10-20 23:59:59.999999999,bear_market,ADA,BTC
77,2024-10-21/2024-10-27,ADA/BTC,-0.0006432782354477911,0.004997974451158061,2024-10-21,2024-10-27 23:59:59.999999999,bear_market,ADA,BTC
78,2024-10-28/2024-11-03,ADA/BTC,0.00014639118046811636,0.00461758587002762,2024-10-28,2024-11-03 23:59:59.999999999,calm_market,ADA,BTC
79,2024-11-04/2024-11-10,ADA/BTC,0.0026528835972634865,0.013831806641549059,2024-11-04,2024-11-10 23:59:59.999999999,bull_market,ADA,BTC
80,2024-11-11/2024-11-17,ADA/BTC,0.0012763136345587682,0.0165098494200084,2024-11-11,2024-11-17 23:59:59.999999999,bull_market,ADA,BTC
81,2024-11-18/2024-11-24,ADA/BTC,0.002120435527815416,0.01642628601104792,2024-11-18,2024-11-24 23:59:59.999999999,bull_market,ADA,BTC
82,2024-11-25/2024-12-01,ADA/BTC,0.0006210471545391911,0.011314547239531625,2024-11-25,2024-12-01 23:59:59.999999999,bull_market,ADA,BTC
83,2024-12-02/2024-12-08,ADA/BTC,-0.0002524504188851537,0.013502822845631673,2024-12-02,2024-12-08 23:59:59.999999999,volatile_market,ADA,BTC
84,2024-12-09/2024-12-15,ADA/BTC,-0.00017942995025056188,0.01275107459125254,2024-12-09,2024-12-15 23:59:59.999999999,volatile_market,ADA,BTC
85,2024-12-16/2024-12-22,ADA/BTC,-0.0007230671821799289,0.011458574985258908,2024-12-16,2024-12-22 23:59:59.999999999,bear_market,ADA,BTC
86,2024-12-23/2024-12-29,ADA/BTC,-0.00015829434615386736,0.00740269666320392,2024-12-23,2024-12-29 23:59:59.999999999,volatile_market,ADA,BTC
87,2024-12-30/2025-01-05,ADA/BTC,0.0015612293719418802,0.00852541081799978,2024-12-30,2025-01-05 23:59:59.999999999,bull_market,ADA,BTC
88,2025-01-06/2025-01-12,ADA/BTC,-0.0003995029889737084,0.00943981202412751,2025-01-06,2025-01-12 23:59:59.999999999,bear_market,ADA,BTC
89,2025-01-13/2025-01-19,ADA/BTC,0.00018962851193291206,0.010395334637568447,2025-01-13,2025-01-19 23:59:59.999999999,volatile_market,ADA,BTC
90,2025-01-20/2025-01-26,ADA/BTC,-0.0003066668054558497,0.006696494386198178,2025-01-20,2025-01-26 23:59:59.999999999,volatile_market,ADA,BTC
91,2025-01-27/2025-02-02,ADA/BTC,-0.0002377993891886298,0.006866768722781318,2025-01-27,2025-02-02 23:59:59.999999999,volatile_market,ADA,BTC
92,2025-02-03/2025-02-09,ADA/BTC,-0.00039019413209863017,0.017976252504702202,2025-02-03,2025-02-09 23:59:59.999999999,bear_market,ADA,BTC
93,2025-02-10/2025-02-16,ADA/BTC,0.0005549472098999216,0.008737073420306675,2025-02-10,2025-02-16 23:59:59.999999999,bull_market,ADA,BTC
94,2025-02-17/2025-02-23,ADA/BTC,-0.00017402262421995307,0.007854129685878076,2025-02-17,2025-02-23 23:59:59.999999999,volatile_market,ADA,BTC
95,2025-02-24/2025-03-02,ADA/BTC,0.0006488432710572911,0.024810173291950167,2025-02-24,2025-03-02 23:59:59.999999999,bull_market,ADA,BTC
96,2025-03-03/2025-03-09,ADA/BTC,-0.0010185613364756185,0.015437894912251487,2025-03-03,2025-03-09 23:59:59.999999999,bear_market,ADA,BTC
97,2025-03-10/2025-03-16,ADA/BTC,-0.00016032382807678022,0.006972161298255224,2025-03-10,2025-03-16 23:59:59.999999999,volatile_market,ADA,BTC
98,2025-03-17/2025-03-23,ADA/BTC,-0.0001822039629684218,0.0043562175803195605,2025-03-17,2025-03-23 23:59:59.999999999,calm_market,ADA,BTC
99,2025-03-24/2025-03-30,ADA/BTC,-0.00027884751205902656,0.004909674653288441,2025-03-24,2025-03-30 23:59:59.999999999,calm_market,ADA,BTC
100,2025-03-31/2025-04-06,ADA/BTC,-0.0002745871030451446,0.00603404330940748,2025-03-31,2025-04-06 23:59:59.999999999,volatile_market,ADA,BTC
101,2025-04-07/2025-04-13,ADA/BTC,0.0003757950242879129,0.008161349376324957,2025-04-07,2025-04-13 23:59:59.999999999,bull_market,ADA,BTC
102,2025-04-14/2025-04-20,ADA/BTC,-0.00015496448782463732,0.004041159765711392,2025-04-14,2025-04-20 23:59:59.999999999,calm_market,ADA,BTC
103,2025-04-21/2025-04-27,ADA/BTC,0.00029321081230553037,0.005399301489716399,2025-04-21,2025-04-27 23:59:59.999999999,volatile_market,ADA,BTC
104,2025-04-28/2025-05-04,ADA/BTC,-0.00021849867775026096,0.005513662438967873,2025-04-28,2025-05-04 23:59:59.999999999,volatile_market,ADA,BTC
105,2025-05-05/2025-05-11,ADA/BTC,-0.0005647171519246872,0.004658582865655085,2025-05-05,2025-05-11 23:59:59.999999999,bear_market,ADA,BTC
106,2024-05-06/2024-05-12,ADA/ETH,0.00023067957571141535,0.00421177050989331,2024-05-06,2024-05-12 23:59:59.999999999,calm_market,ADA,ETH
107,2024-05-13/2024-05-19,ADA/ETH,0.0002973930600019805,0.004576301473594554,2024-05-13,2024-05-19 23:59:59.999999999,bull_market,ADA,ETH
108,2024-05-20/2024-05-26,ADA/ETH,-0.0012494543975839615,0.0065845496385644525,2024-05-20,2024-05-26 23:59:59.999999999,bear_market,ADA,ETH
109,2024-05-27/2024-06-02,ADA/ETH,-3.896973372258283e-05,0.0031450001539662462,2024-05-27,2024-06-02 23:59:59.999999999,calm_market,ADA,ETH
110,2024-06-03/2024-06-09,ADA/ETH,-2.8301678864132347e-05,0.0048677424602306864,2024-06-03,2024-06-09 23:59:59.999999999,calm_market,ADA,ETH
111,2024-06-10/2024-06-16,ADA/ETH,-0.0003032652035761074,0.003472250085481234,2024-06-10,2024-06-16 23:59:59.999999999,calm_market,ADA,ETH
112,2024-06-17/2024-06-23,ADA/ETH,-0.00019794709924674832,0.0059738279809728725,2024-06-17,2024-06-23 23:59:59.999999999,volatile_market,ADA,ETH
113,2024-06-24/2024-06-30,ADA/ETH,4.525320613404373e-05,0.005253749178578665,2024-06-24,2024-06-30 23:59:59.999999999,volatile_market,ADA,ETH
114,2024-07-01/2024-07-07,ADA/ETH,8.269060409532428e-05,0.007630933236625358,2024-07-01,2024-07-07 23:59:59.999999999,volatile_market,ADA,ETH
115,2024-07-08/2024-07-14,ADA/ETH,0.0008694539109096006,0.006091776261289527,2024-07-08,2024-07-14 23:59:59.999999999,bull_market,ADA,ETH
116,2024-07-15/2024-07-21,ADA/ETH,-0.00035556765072934676,0.005718192739374237,2024-07-15,2024-07-21 23:59:59.999999999,bear_market,ADA,ETH
117,2024-07-22/2024-07-28,ADA/ETH,0.0003203377515187971,0.0045349838281252206,2024-07-22,2024-07-28 23:59:59.999999999,bull_market,ADA,ETH
118,2024-07-29/2024-08-04,ADA/ETH,4.1606037253689155e-05,0.005233374034187004,2024-07-29,2024-08-04 23:59:59.999999999,volatile_market,ADA,ETH
119,2024-08-05/2024-08-11,ADA/ETH,-1.1540463811250716e-05,0.006402162517456643,2024-08-05,2024-08-11 23:59:59.999999999,volatile_market,ADA,ETH
120,2024-08-12/2024-08-18,ADA/ETH,3.641843963072184e-05,0.004944194023298751,2024-08-12,2024-08-18 23:59:59.999999999,calm_market,ADA,ETH
121,2024-08-19/2024-08-25,ADA/ETH,0.0006942723365970504,0.005280016645674967,2024-08-19,2024-08-25 23:59:59.999999999,bull_market,ADA,ETH
122,2024-08-26/2024-09-01,ADA/ETH,-6.615186142529134e-05,0.004778370500868438,2024-08-26,2024-09-01 23:59:59.999999999,calm_market,ADA,ETH
123,2024-09-02/2024-09-08,ADA/ETH,0.0007056149463197817,0.005052221000996535,2024-09-02,2024-09-08 23:59:59.999999999,bull_market,ADA,ETH
124,2024-09-09/2024-09-15,ADA/ETH,2.815058191686953e-06,0.004549469220603509,2024-09-09,2024-09-15 23:59:59.999999999,calm_market,ADA,ETH
125,2024-09-16/2024-09-22,ADA/ETH,-0.0004229634281671289,0.0038305361980059123,2024-09-16,2024-09-22 23:59:59.999999999,bear_market,ADA,ETH
126,2024-09-23/2024-09-29,ADA/ETH,0.0007019030135507572,0.004466363012851348,2024-09-23,2024-09-29 23:59:59.999999999,bull_market,ADA,ETH
127,2024-09-30/2024-10-06,ADA/ETH,-1.5245418573531839e-05,0.004395438286859538,2024-09-30,2024-10-06 23:59:59.999999999,calm_market,ADA,ETH
128,2024-10-07/2024-10-13,ADA/ETH,-6.122251503014607e-05,0.0033598697986946765,2024-10-07,2024-10-13 23:59:59.999999999,calm_market,ADA,ETH
129,2024-10-14/2024-10-20,ADA/ETH,-0.0003576966361984518,0.004152644455268066,2024-10-14,2024-10-20 23:59:59.999999999,bear_market,ADA,ETH
130,2024-10-21/2024-10-27,ADA/ETH,-8.839402577210683e-05,0.004370254110408908,2024-10-21,2024-10-27 23:59:59.999999999,calm_market,ADA,ETH
131,2024-10-28/2024-11-03,ADA/ETH,0.00033888688479848106,0.004814031395854779,2024-10-28,2024-11-03 23:59:59.999999999,bull_market,ADA,ETH
132,2024-11-04/2024-11-10,ADA/ETH,0.001669124897198904,0.013497161876262022,2024-11-04,2024-11-10 23:59:59.999999999,bull_market,ADA,ETH
133,2024-11-11/2024-11-17,ADA/ETH,0.0021362286379357142,0.0159088914755239,2024-11-11,2024-11-17 23:59:59.999999999,bull_market,ADA,ETH
134,2024-11-18/2024-11-24,ADA/ETH,0.002020606375138581,0.016067927089928057,2024-11-18,2024-11-24 23:59:59.999999999,bull_market,ADA,ETH
135,2024-11-25/2024-12-01,ADA/ETH,0.0001301386270442153,0.01137902024961657,2024-11-25,2024-12-01 23:59:59.999999999,volatile_market,ADA,ETH
136,2024-12-02/2024-12-08,ADA/ETH,-0.0006854121979924364,0.013209320909861327,2024-12-02,2024-12-08 23:59:59.999999999,bear_market,ADA,ETH
137,2024-12-09/2024-12-15,ADA/ETH,-9.025649426710211e-05,0.010549011246601292,2024-12-09,2024-12-15 23:59:59.999999999,volatile_market,ADA,ETH
138,2024-12-16/2024-12-22,ADA/ETH,-7.352334423195257e-05,0.00892368443109945,2024-12-16,2024-12-22 23:59:59.999999999,volatile_market,ADA,ETH
139,2024-12-23/2024-12-29,ADA/ETH,-0.0001999190815115958,0.005281664153459115,2024-12-23,2024-12-29 23:59:59.999999999,volatile_market,ADA,ETH
140,2024-12-30/2025-01-05,ADA/ETH,0.0013717505653146026,0.00840293671353811,2024-12-30,2025-01-05 23:59:59.999999999,bull_market,ADA,ETH
141,2025-01-06/2025-01-12,ADA/ETH,-3.836338112844893e-05,0.008378846004149409,2025-01-06,2025-01-12 23:59:59.999999999,volatile_market,ADA,ETH
142,2025-01-13/2025-01-19,ADA/ETH,0.0006223306267492092,0.008504017174269577,2025-01-13,2025-01-19 23:59:59.999999999,bull_market,ADA,ETH
143,2025-01-20/2025-01-26,ADA/ETH,-0.00032739797972118536,0.006207152940053907,2025-01-20,2025-01-26 23:59:59.999999999,bear_market,ADA,ETH
144,2025-01-27/2025-02-02,ADA/ETH,-0.0003287613898733954,0.005993920817193336,2025-01-27,2025-02-02 23:59:59.999999999,bear_market,ADA,ETH
145,2025-02-03/2025-02-09,ADA/ETH,-0.000311366758705512,0.01114058956485366,2025-02-03,2025-02-09 23:59:59.999999999,bear_market,ADA,ETH
146,2025-02-10/2025-02-16,ADA/ETH,0.0004197256533538431,0.007864410117322102,2025-02-10,2025-02-16 23:59:59.999999999,bull_market,ADA,ETH
147,2025-02-17/2025-02-23,ADA/ETH,-0.0003086082016946779,0.006922661303169621,2025-02-17,2025-02-23 23:59:59.999999999,bear_market,ADA,ETH
148,2025-02-24/2025-03-02,ADA/ETH,0.001215250443956183,0.02396170898542456,2025-02-24,2025-03-02 23:59:59.999999999,bull_market,ADA,ETH
149,2025-03-03/2025-03-09,ADA/ETH,-0.0009623863624991723,0.014465423687912413,2025-03-03,2025-03-09 23:59:59.999999999,bear_market,ADA,ETH
150,2025-03-10/2025-03-16,ADA/ETH,0.0002855651041395531,0.007086408765574419,2025-03-10,2025-03-16 23:59:59.999999999,volatile_market,ADA,ETH
151,2025-03-17/2025-03-23,ADA/ETH,-0.00037926946598702295,0.005046896372879175,2025-03-17,2025-03-23 23:59:59.999999999,bear_market,ADA,ETH
152,2025-03-24/2025-03-30,ADA/ETH,0.000263308473009505,0.004498892896335293,2025-03-24,2025-03-30 23:59:59.999999999,calm_market,ADA,ETH
153,2025-03-31/2025-04-06,ADA/ETH,2.9033862441571082e-05,0.004332652061428897,2025-03-31,2025-04-06 23:59:59.999999999,calm_market,ADA,ETH
154,2025-04-07/2025-04-13,ADA/ETH,0.0006323681683483188,0.0061538541933094295,2025-04-07,2025-04-13 23:59:59.999999999,bull_market,ADA,ETH
155,2025-04-14/2025-04-20,ADA/ETH,2.7733965839353204e-05,0.003445328007945753,2025-04-14,2025-04-20 23:59:59.999999999,calm_market,ADA,ETH
156,2025-04-21/2025-04-27,ADA/ETH,4.241529298450594e-05,0.005081199630522216,2025-04-21,2025-04-27 23:59:59.999999999,calm_market,ADA,ETH
157,2025-04-28/2025-05-04,ADA/ETH,-0.0002469709742706177,0.0047231091425491215,2025-04-28,2025-05-04 23:59:59.999999999,calm_market,ADA,ETH
158,2025-05-05/2025-05-11,ADA/ETH,-0.00011899184123559507,0.003897329620202709,2025-05-05,2025-05-11 23:59:59.999999999,calm_market,ADA,ETH
159,2024-05-06/2024-05-12,BNB/ETH,0.000484505224107046,0.00347774108536587,2024-05-06,2024-05-12 23:59:59.999999999,bull_market,BNB,ETH
160,2024-05-13/2024-05-19,BNB/ETH,-0.0005873028489817479,0.0034387072184656332,2024-05-13,2024-05-19 23:59:59.999999999,bear_market,BNB,ETH
161,2024-05-20/2024-05-26,BNB/ETH,-0.0007239338801962723,0.00838049467144102,2024-05-20,2024-05-26 23:59:59.999999999,bear_market,BNB,ETH
162,2024-05-27/2024-06-02,BNB/ETH,0.0001396216165656092,0.002865204129651092,2024-05-27,2024-06-02 23:59:59.999999999,calm_market,BNB,ETH
163,2024-06-03/2024-06-09,BNB/ETH,0.0007575173946037977,0.005702898814163708,2024-06-03,2024-06-09 23:59:59.999999999,bull_market,BNB,ETH
164,2024-06-10/2024-06-16,BNB/ETH,-0.0002014616627722546,0.005185227853199234,2024-06-10,2024-06-16 23:59:59.999999999,calm_market,BNB,ETH
165,2024-06-17/2024-06-23,BNB/ETH,-0.00012057008976519122,0.0028400364707324988,2024-06-17,2024-06-23 23:59:59.999999999,calm_market,BNB,ETH
166,2024-06-24/2024-06-30,BNB/ETH,-5.188641986877155e-05,0.0027822064915544124,2024-06-24,2024-06-30 23:59:59.999999999,calm_market,BNB,ETH
167,2024-07-01/2024-07-07,BNB/ETH,3.618608910712024e-05,0.004654379732246721,2024-07-01,2024-07-07 23:59:59.999999999,calm_market,BNB,ETH
168,2024-07-08/2024-07-14,BNB/ETH,-6.4265649324243346e-06,0.0036937487834241525,2024-07-08,2024-07-14 23:59:59.999999999,calm_market,BNB,ETH
169,2024-07-15/2024-07-21,BNB/ETH,0.00011230022936648225,0.0030057708790156876,2024-07-15,2024-07-21 23:59:59.999999999,calm_market,BNB,ETH
170,2024-07-22/2024-07-28,BNB/ETH,0.00043833446550140914,0.003380477879227813,2024-07-22,2024-07-28 23:59:59.999999999,bull_market,BNB,ETH
171,2024-07-29/2024-08-04,BNB/ETH,0.0003144019430393429,0.004225533313098972,2024-07-29,2024-08-04 23:59:59.999999999,bull_market,BNB,ETH
172,2024-08-05/2024-08-11,BNB/ETH,0.0002143786764141795,0.0063062831719504,2024-08-05,2024-08-11 23:59:59.999999999,volatile_market,BNB,ETH
173,2024-08-12/2024-08-18,BNB/ETH,0.0003656197470150238,0.004237329316310875,2024-08-12,2024-08-18 23:59:59.999999999,bull_market,BNB,ETH
174,2024-08-19/2024-08-25,BNB/ETH,-3.934469444049858e-05,0.004798879997082761,2024-08-19,2024-08-25 23:59:59.999999999,calm_market,BNB,ETH
175,2024-08-26/2024-09-01,BNB/ETH,9.879835788329083e-05,0.00398699423101377,2024-08-26,2024-09-01 23:59:59.999999999,calm_market,BNB,ETH
176,2024-09-02/2024-09-08,BNB/ETH,0.0003037151191115979,0.003567819319368476,2024-09-02,2024-09-08 23:59:59.999999999,bull_market,BNB,ETH
177,2024-09-09/2024-09-15,BNB/ETH,0.0004089561701181587,0.0036303344972884216,2024-09-09,2024-09-15 23:59:59.999999999,bull_market,BNB,ETH
178,2024-09-16/2024-09-22,BNB/ETH,-0.00034850755435277984,0.0038993776243005387,2024-09-16,2024-09-22 23:59:59.999999999,bear_market,BNB,ETH
179,2024-09-23/2024-09-29,BNB/ETH,-8.147206491078578e-05,0.003614377464458097,2024-09-23,2024-09-29 23:59:59.999999999,calm_market,BNB,ETH
180,2024-09-30/2024-10-06,BNB/ETH,0.00044244622359591596,0.0028348110586167248,2024-09-30,2024-10-06 23:59:59.999999999,bull_market,BNB,ETH
181,2024-10-07/2024-10-13,BNB/ETH,-3.186803042623445e-05,0.0036654842357471008,2024-10-07,2024-10-13 23:59:59.999999999,calm_market,BNB,ETH
182,2024-10-14/2024-10-20,BNB/ETH,-8.528251075315754e-05,0.003738984015544332,2024-10-14,2024-10-20 23:59:59.999999999,calm_market,BNB,ETH
183,2024-10-21/2024-10-27,BNB/ETH,0.00041268262488982634,0.002782836462229612,2024-10-21,2024-10-27 23:59:59.999999999,bull_market,BNB,ETH
184,2024-10-28/2024-11-03,BNB/ETH,-0.00015574745065176758,0.003201814979411975,2024-10-28,2024-11-03 23:59:59.999999999,calm_market,BNB,ETH
185,2024-11-04/2024-11-10,BNB/ETH,-0.0010724454623901826,0.005587628376302656,2024-11-04,2024-11-10 23:59:59.999999999,bear_market,BNB,ETH
186,2024-11-11/2024-11-17,BNB/ETH,0.000286760843227852,0.007098423614804201,2024-11-11,2024-11-17 23:59:59.999999999,volatile_market,BNB,ETH
187,2024-11-18/2024-11-24,BNB/ETH,-0.00020676991185271488,0.006070235273399161,2024-11-18,2024-11-24 23:59:59.999999999,volatile_market,BNB,ETH
188,2024-11-25/2024-12-01,BNB/ETH,-0.0004271334155674748,0.0053983725881797855,2024-11-25,2024-12-01 23:59:59.999999999,bear_market,BNB,ETH
189,2024-12-02/2024-12-08,BNB/ETH,0.00014570054999040689,0.008308204999719817,2024-12-02,2024-12-08 23:59:59.999999999,volatile_market,BNB,ETH
190,2024-12-09/2024-12-15,BNB/ETH,-6.327345743764044e-05,0.005115084338648996,2024-12-09,2024-12-15 23:59:59.999999999,calm_market,BNB,ETH
191,2024-12-16/2024-12-22,BNB/ETH,0.0007345505095896453,0.004928290603822587,2024-12-16,2024-12-22 23:59:59.999999999,bull_market,BNB,ETH
192,2024-12-23/2024-12-29,BNB/ETH,0.0003396976400438444,0.0047423272295393434,2024-12-23,2024-12-29 23:59:59.999999999,bull_market,BNB,ETH
193,2024-12-30/2025-01-05,BNB/ETH,-0.00048731744787998415,0.0032686489011474382,2024-12-30,2025-01-05 23:59:59.999999999,bear_market,BNB,ETH
194,2025-01-06/2025-01-12,BNB/ETH,0.0005387601118959275,0.00400150564646251,2025-01-06,2025-01-12 23:59:59.999999999,bull_market,BNB,ETH
195,2025-01-13/2025-01-19,BNB/ETH,-0.00017996737021872163,0.00573905568647285,2025-01-13,2025-01-19 23:59:59.999999999,volatile_market,BNB,ETH
196,2025-01-20/2025-01-26,BNB/ETH,-0.00011378816124498777,0.004378066750180112,2025-01-20,2025-01-26 23:59:59.999999999,calm_market,BNB,ETH
197,2025-01-27/2025-02-02,BNB/ETH,-0.00016300950044214986,0.004242322721718092,2025-01-27,2025-02-02 23:59:59.999999999,calm_market,BNB,ETH
198,2025-02-03/2025-02-09,BNB/ETH,0.0005742320908488746,0.008021350444185513,2025-02-03,2025-02-09 23:59:59.999999999,bull_market,BNB,ETH
199,2025-02-10/2025-02-16,BNB/ETH,0.00040927289892605265,0.00800687309732678,2025-02-10,2025-02-16 23:59:59.999999999,bull_market,BNB,ETH
200,2025-02-17/2025-02-23,BNB/ETH,-0.00022494568880247968,0.005097036786753384,2025-02-17,2025-02-23 23:59:59.999999999,calm_market,BNB,ETH
201,2025-02-24/2025-03-02,BNB/ETH,0.0007728058187746154,0.008460908851429236,2025-02-24,2025-03-02 23:59:59.999999999,bull_market,BNB,ETH
202,2025-03-03/2025-03-09,BNB/ETH,0.00030330074183734513,0.005453838860927586,2025-03-03,2025-03-09 23:59:59.999999999,bull_market,BNB,ETH
203,2025-03-10/2025-03-16,BNB/ETH,0.0009241187403782707,0.007168116313691533,2025-03-10,2025-03-16 23:59:59.999999999,bull_market,BNB,ETH
204,2025-03-17/2025-03-23,BNB/ETH,-0.0003174988064993765,0.006040711216542646,2025-03-17,2025-03-23 23:59:59.999999999,bear_market,BNB,ETH
205,2025-03-24/2025-03-30,BNB/ETH,0.0006519493683711777,0.004979181357833941,2025-03-24,2025-03-30 23:59:59.999999999,bull_market,BNB,ETH
206,2025-03-31/2025-04-06,BNB/ETH,0.00011754674859274845,0.005104247429622551,2025-03-31,2025-04-06 23:59:59.999999999,calm_market,BNB,ETH
207,2025-04-07/2025-04-13,BNB/ETH,0.00016647899971316196,0.00816562140007349,2025-04-07,2025-04-13 23:59:59.999999999,volatile_market,BNB,ETH
208,2025-04-14/2025-04-20,BNB/ETH,0.00024034811196807756,0.004346340081718277,2025-04-14,2025-04-20 23:59:59.999999999,calm_market,BNB,ETH
209,2025-04-21/2025-04-27,BNB/ETH,-0.0007658213405554669,0.005166141394848564,2025-04-21,2025-04-27 23:59:59.999999999,bear_market,BNB,ETH
210,2025-04-28/2025-05-04,BNB/ETH,-0.00028595570272949044,0.003613896050390264,2025-04-28,2025-05-04 23:59:59.999999999,calm_market,BNB,ETH
211,2025-05-05/2025-05-11,BNB/ETH,0.00043462833129705164,0.0043457956156294514,2025-05-05,2025-05-11 23:59:59.999999999,bull_market,BNB,ETH
212,2024-05-06/2024-05-12,DOT/BTC,-0.0002335660756031311,0.0039246266489511095,2024-05-06,2024-05-12 23:59:59.999999999,calm_market,DOT,BTC
213,2024-05-13/2024-05-19,DOT/BTC,-1.7210210333769722e-05,0.004686622375344112,2024-05-13,2024-05-19 23:59:59.999999999,calm_market,DOT,BTC
214,2024-05-20/2024-05-26,DOT/BTC,9.630600432112654e-05,0.005516456649936936,2024-05-20,2024-05-26 23:59:59.999999999,volatile_market,DOT,BTC
215,2024-05-27/2024-06-02,DOT/BTC,-0.0004070099299106859,0.003913708264358459,2024-05-27,2024-06-02 23:59:59.999999999,bear_market,DOT,BTC
216,2024-06-03/2024-06-09,DOT/BTC,-0.0007161617219598933,0.005409610086656285,2024-06-03,2024-06-09 23:59:59.999999999,bear_market,DOT,BTC
217,2024-06-10/2024-06-16,DOT/BTC,7.267004237885958e-06,0.004777406454000723,2024-06-10,2024-06-16 23:59:59.999999999,calm_market,DOT,BTC
218,2024-06-17/2024-06-23,DOT/BTC,-0.0002721340652215603,0.006635884978834327,2024-06-17,2024-06-23 23:59:59.999999999,volatile_market,DOT,BTC
219,2024-06-24/2024-06-30,DOT/BTC,0.0006576583791616566,0.0059377398659044974,2024-06-24,2024-06-30 23:59:59.999999999,bull_market,DOT,BTC
220,2024-07-01/2024-07-07,DOT/BTC,0.00030117877388992484,0.009065058380359725,2024-07-01,2024-07-07 23:59:59.999999999,bull_market,DOT,BTC
221,2024-07-08/2024-07-14,DOT/BTC,-0.00010769854136955313,0.005039305061992511,2024-07-08,2024-07-14 23:59:59.999999999,calm_market,DOT,BTC
222,2024-07-15/2024-07-21,DOT/BTC,-0.0005512326960157829,0.004316845981243031,2024-07-15,2024-07-21 23:59:59.999999999,bear_market,DOT,BTC
223,2024-07-22/2024-07-28,DOT/BTC,-0.0006101626712091191,0.004146120240599269,2024-07-22,2024-07-28 23:59:59.999999999,bear_market,DOT,BTC
224,2024-07-29/2024-08-04,DOT/BTC,-0.0002535514223092834,0.004931290424053684,2024-07-29,2024-08-04 23:59:59.999999999,calm_market,DOT,BTC
225,2024-08-05/2024-08-11,DOT/BTC,-3.6037576557655703e-06,0.007592087738805147,2024-08-05,2024-08-11 23:59:59.999999999,volatile_market,DOT,BTC
226,2024-08-12/2024-08-18,DOT/BTC,-0.0003194353857588375,0.004335790875726496,2024-08-12,2024-08-18 23:59:59.999999999,bear_market,DOT,BTC
227,2024-08-19/2024-08-25,DOT/BTC,7.713748338481765e-05,0.004422741124464613,2024-08-19,2024-08-25 23:59:59.999999999,calm_market,DOT,BTC
228,2024-08-26/2024-09-01,DOT/BTC,-0.00019157239201351143,0.003960585075629081,2024-08-26,2024-09-01 23:59:59.999999999,calm_market,DOT,BTC
229,2024-09-02/2024-09-08,DOT/BTC,0.0004479963114677562,0.004187888058513223,2024-09-02,2024-09-08 23:59:59.999999999,bull_market,DOT,BTC
230,2024-09-09/2024-09-15,DOT/BTC,-6.063063073057531e-05,0.003245311590337913,2024-09-09,2024-09-15 23:59:59.999999999,calm_market,DOT,BTC
231,2024-09-16/2024-09-22,DOT/BTC,-0.00029547969213442114,0.004066506783195762,2024-09-16,2024-09-22 23:59:59.999999999,calm_market,DOT,BTC
232,2024-09-23/2024-09-29,DOT/BTC,0.00032832981531862173,0.004345280022229133,2024-09-23,2024-09-29 23:59:59.999999999,bull_market,DOT,BTC
233,2024-09-30/2024-10-06,DOT/BTC,-0.0004680290937220405,0.004383400158732717,2024-09-30,2024-10-06 23:59:59.999999999,bear_market,DOT,BTC
234,2024-10-07/2024-10-13,DOT/BTC,4.43707471335097e-05,0.003139521519094585,2024-10-07,2024-10-13 23:59:59.999999999,calm_market,DOT,BTC
235,2024-10-14/2024-10-20,DOT/BTC,-0.0002106871523392765,0.004548239236207433,2024-10-14,2024-10-20 23:59:59.999999999,calm_market,DOT,BTC
236,2024-10-21/2024-10-27,DOT/BTC,-0.0006450342030445635,0.003350294882870538,2024-10-21,2024-10-27 23:59:59.999999999,bear_market,DOT,BTC
237,2024-10-28/2024-11-03,DOT/BTC,-0.000530466067752898,0.004736752373714928,2024-10-28,2024-11-03 23:59:59.999999999,bear_market,DOT,BTC
238,2024-11-04/2024-11-10,DOT/BTC,0.0007933099581133035,0.0075598674097330475,2024-11-04,2024-11-10 23:59:59.999999999,bull_market,DOT,BTC
239,2024-11-11/2024-11-17,DOT/BTC,-0.00021357757592301333,0.012458507426313244,2024-11-11,2024-11-17 23:59:59.999999999,volatile_market,DOT,BTC
240,2024-11-18/2024-11-24,DOT/BTC,0.0022676365961208033,0.018699759664581577,2024-11-18,2024-11-24 23:59:59.999999999,bull_market,DOT,BTC
241,2024-11-25/2024-12-01,DOT/BTC,0.0003413688064625949,0.009681817782971865,2024-11-25,2024-12-01 23:59:59.999999999,bull_market,DOT,BTC
242,2024-12-02/2024-12-08,DOT/BTC,0.000484481393244126,0.014840680352866282,2024-12-02,2024-12-08 23:59:59.999999999,bull_market,DOT,BTC
243,2024-12-09/2024-12-15,DOT/BTC,-0.0005521697441792355,0.013037423352329885,2024-12-09,2024-12-15 23:59:59.999999999,bear_market,DOT,BTC
244,2024-12-16/2024-12-22,DOT/BTC,-0.0011182972328619603,0.01070296776776822,2024-12-16,2024-12-22 23:59:59.999999999,bear_market,DOT,BTC
245,2024-12-23/2024-12-29,DOT/BTC,-0.00017134648327064877,0.006856904869101015,2024-12-23,2024-12-29 23:59:59.999999999,volatile_market,DOT,BTC
246,2024-12-30/2025-01-05,DOT/BTC,0.0006664627674765392,0.006308529390973208,2024-12-30,2025-01-05 23:59:59.999999999,bull_market,DOT,BTC
247,2025-01-06/2025-01-12,DOT/BTC,-0.000587285655530521,0.006302518686295458,2025-01-06,2025-01-12 23:59:59.999999999,bear_market,DOT,BTC
248,2025-01-13/2025-01-19,DOT/BTC,-0.00018558485855250915,0.008869231572034873,2025-01-13,2025-01-19 23:59:59.999999999,volatile_market,DOT,BTC
249,2025-01-20/2025-01-26,DOT/BTC,-0.00021728303544352965,0.0061084007862107995,2025-01-20,2025-01-26 23:59:59.999999999,volatile_market,DOT,BTC
250,2025-01-27/2025-02-02,DOT/BTC,0.0001673243235461734,0.007662492020921889,2025-01-27,2025-02-02 23:59:59.999999999,volatile_market,DOT,BTC
251,2025-02-03/2025-02-09,DOT/BTC,-8.81704633985804e-06,0.014600483857486343,2025-02-03,2025-02-09 23:59:59.999999999,volatile_market,DOT,BTC
252,2025-02-10/2025-02-16,DOT/BTC,0.00022244525935111422,0.007329682396077148,2025-02-10,2025-02-16 23:59:59.999999999,volatile_market,DOT,BTC
253,2025-02-17/2025-02-23,DOT/BTC,0.0003263935851565668,0.006071480589366192,2025-02-17,2025-02-23 23:59:59.999999999,bull_market,DOT,BTC
254,2025-02-24/2025-03-02,DOT/BTC,0.0007401560123080866,0.008052005632176703,2025-02-24,2025-03-02 23:59:59.999999999,bull_market,DOT,BTC
255,2025-03-03/2025-03-09,DOT/BTC,-0.0002887093969740383,0.006548437313514811,2025-03-03,2025-03-09 23:59:59.999999999,volatile_market,DOT,BTC
256,2025-03-10/2025-03-16,DOT/BTC,0.0002723422990098081,0.006658304230411034,2025-03-10,2025-03-16 23:59:59.999999999,volatile_market,DOT,BTC
257,2025-03-17/2025-03-23,DOT/BTC,4.4402828956191606e-05,0.005298100233682442,2025-03-17,2025-03-23 23:59:59.999999999,volatile_market,DOT,BTC
258,2025-03-24/2025-03-30,DOT/BTC,-0.0006307741343300995,0.004956043688522058,2025-03-24,2025-03-30 23:59:59.999999999,bear_market,DOT,BTC
259,2025-03-31/2025-04-06,DOT/BTC,-0.0002640290094200675,0.005233200938421388,2025-03-31,2025-04-06 23:59:59.999999999,volatile_market,DOT,BTC
260,2025-04-07/2025-04-13,DOT/BTC,-0.0003404070939350823,0.006444758860310818,2025-04-07,2025-04-13 23:59:59.999999999,bear_market,DOT,BTC
261,2025-04-14/2025-04-20,DOT/BTC,0.0003296240621508701,0.005061387776220955,2025-04-14,2025-04-20 23:59:59.999999999,bull_market,DOT,BTC
262,2025-04-21/2025-04-27,DOT/BTC,0.00017161912501812056,0.00561364759919568,2025-04-21,2025-04-27 23:59:59.999999999,volatile_market,DOT,BTC
263,2025-04-28/2025-05-04,DOT/BTC,-0.00043684754419011054,0.004419378852611853,2025-04-28,2025-05-04 23:59:59.999999999,bear_market,DOT,BTC
264,2025-05-05/2025-05-11,DOT/BTC,-0.0005431874460231285,0.003912861617479581,2025-05-05,2025-05-11 23:59:59.999999999,bear_market,DOT,BTC
265,2024-05-06/2024-05-12,XRP/BTC,-0.00019556186598303433,0.00508719685457288,2024-05-06,2024-05-12 23:59:59.999999999,calm_market,XRP,BTC
266,2024-05-13/2024-05-19,XRP/BTC,-0.00034839377439991107,0.00334793409801326,2024-05-13,2024-05-19 23:59:59.999999999,bear_market,XRP,BTC
267,2024-05-20/2024-05-26,XRP/BTC,0.00014258160656593764,0.005262279801758213,2024-05-20,2024-05-26 23:59:59.999999999,volatile_market,XRP,BTC
268,2024-05-27/2024-06-02,XRP/BTC,-0.00010036564493800082,0.0029165567796162663,2024-05-27,2024-06-02 23:59:59.999999999,calm_market,XRP,BTC
269,2024-06-03/2024-06-09,XRP/BTC,-0.00041333619954188436,0.00399952115268008,2024-06-03,2024-06-09 23:59:59.999999999,bear_market,XRP,BTC
270,2024-06-10/2024-06-16,XRP/BTC,0.00018693071216231366,0.0033072697204806836,2024-06-10,2024-06-16 23:59:59.999999999,calm_market,XRP,BTC
271,2024-06-17/2024-06-23,XRP/BTC,1.879804487652978e-05,0.005783355643863316,2024-06-17,2024-06-23 23:59:59.999999999,volatile_market,XRP,BTC
272,2024-06-24/2024-06-30,XRP/BTC,4.5774596346900664e-06,0.0038871675967295295,2024-06-24,2024-06-30 23:59:59.999999999,calm_market,XRP,BTC
273,2024-07-01/2024-07-07,XRP/BTC,-0.00010317459995863102,0.006261803872629245,2024-07-01,2024-07-07 23:59:59.999999999,volatile_market,XRP,BTC
274,2024-07-08/2024-07-14,XRP/BTC,0.0012084446602035803,0.008530380663919769,2024-07-08,2024-07-14 23:59:59.999999999,bull_market,XRP,BTC
275,2024-07-15/2024-07-21,XRP/BTC,8.909630667564429e-05,0.0102744857278007,2024-07-15,2024-07-21 23:59:59.999999999,volatile_market,XRP,BTC
276,2024-07-22/2024-07-28,XRP/BTC,-0.00017700454033954443,0.006704423068746007,2024-07-22,2024-07-28 23:59:59.999999999,volatile_market,XRP,BTC
277,2024-07-29/2024-08-04,XRP/BTC,-4.0003975781216255e-05,0.0074871534774507385,2024-07-29,2024-08-04 23:59:59.999999999,volatile_market,XRP,BTC
278,2024-08-05/2024-08-11,XRP/BTC,0.0005457666439683221,0.013175172446734922,2024-08-05,2024-08-11 23:59:59.999999999,bull_market,XRP,BTC
279,2024-08-12/2024-08-18,XRP/BTC,-3.923065894750558e-05,0.0046978069448016585,2024-08-12,2024-08-18 23:59:59.999999999,calm_market,XRP,BTC
280,2024-08-19/2024-08-25,XRP/BTC,-0.0003977861533162976,0.00516772613899183,2024-08-19,2024-08-25 23:59:59.999999999,bear_market,XRP,BTC
281,2024-08-26/2024-09-01,XRP/BTC,0.00014010248855382524,0.0037806671009736675,2024-08-26,2024-09-01 23:59:59.999999999,calm_market,XRP,BTC
282,2024-09-02/2024-09-08,XRP/BTC,7.9703047526662e-05,0.003627992932375427,2024-09-02,2024-09-08 23:59:59.999999999,calm_market,XRP,BTC
283,2024-09-09/2024-09-15,XRP/BTC,0.00023594028453564263,0.007768228875388942,2024-09-09,2024-09-15 23:59:59.999999999,volatile_market,XRP,BTC
284,2024-09-16/2024-09-22,XRP/BTC,-0.00040691529967908476,0.004929492348347946,2024-09-16,2024-09-22 23:59:59.999999999,bear_market,XRP,BTC
285,2024-09-23/2024-09-29,XRP/BTC,0.00014263923439936628,0.0055092657192296795,2024-09-23,2024-09-29 23:59:59.999999999,volatile_market,XRP,BTC
286,2024-09-30/2024-10-06,XRP/BTC,-0.0012095546815999092,0.007927087383884805,2024-09-30,2024-10-06 23:59:59.999999999,bear_market,XRP,BTC
287,2024-10-07/2024-10-13,XRP/BTC,4.399369030466307e-05,0.0033226234061761737,2024-10-07,2024-10-13 23:59:59.999999999,calm_market,XRP,BTC
288,2024-10-14/2024-10-20,XRP/BTC,-0.0003327694924037169,0.004549345134541238,2024-10-14,2024-10-20 23:59:59.999999999,bear_market,XRP,BTC
289,2024-10-21/2024-10-27,XRP/BTC,-0.0004022170304379705,0.003524961583888691,2024-10-21,2024-10-27 23:59:59.999999999,bear_market,XRP,BTC
290,2024-10-28/2024-11-03,XRP/BTC,-8.190406645820124e-05,0.00402567360940378,2024-10-28,2024-11-03 23:59:59.999999999,calm_market,XRP,BTC
291,2024-11-04/2024-11-10,XRP/BTC,-5.546486901702896e-05,0.006475674667802991,2024-11-04,2024-11-10 23:59:59.999999999,volatile_market,XRP,BTC
292,2024-11-11/2024-11-17,XRP/BTC,0.003891564147193951,0.0221241827831999,2024-11-11,2024-11-17 23:59:59.999999999,bull_market,XRP,BTC
293,2024-11-18/2024-11-24,XRP/BTC,0.0017310774478558853,0.01639123127578863,2024-11-18,2024-11-24 23:59:59.999999999,bull_market,XRP,BTC
294,2024-11-25/2024-12-01,XRP/BTC,0.0022961281025421086,0.014282303506535851,2024-11-25,2024-12-01 23:59:59.999999999,bull_market,XRP,BTC
295,2024-12-02/2024-12-08,XRP/BTC,-0.0005176143199415185,0.020038977519000457,2024-12-02,2024-12-08 23:59:59.999999999,bear_market,XRP,BTC
296,2024-12-09/2024-12-15,XRP/BTC,-7.618663354835671e-06,0.013898152192158562,2024-12-09,2024-12-15 23:59:59.999999999,volatile_market,XRP,BTC
297,2024-12-16/2024-12-22,XRP/BTC,-0.00012065454418231191,0.012065151958317793,2024-12-16,2024-12-22 23:59:59.999999999,volatile_market,XRP,BTC
298,2024-12-23/2024-12-29,XRP/BTC,-0.0001970207028232457,0.0051223639941589665,2024-12-23,2024-12-29 23:59:59.999999999,calm_market,XRP,BTC
299,2024-12-30/2025-01-05,XRP/BTC,0.000862370226816984,0.006506776204958221,2024-12-30,2025-01-05 23:59:59.999999999,bull_market,XRP,BTC
300,2025-01-06/2025-01-12,XRP/BTC,0.0007013187345322104,0.0064591541416522975,2025-01-06,2025-01-12 23:59:59.999999999,bull_market,XRP,BTC
301,2025-01-13/2025-01-19,XRP/BTC,0.0010619325342562168,0.011953631881993526,2025-01-13,2025-01-19 23:59:59.999999999,bull_market,XRP,BTC
302,2025-01-20/2025-01-26,XRP/BTC,-0.0001438707252022439,0.006788046491049895,2025-01-20,2025-01-26 23:59:59.999999999,volatile_market,XRP,BTC
303,2025-01-27/2025-02-02,XRP/BTC,-0.00030767445739193907,0.007683852935060363,2025-01-27,2025-02-02 23:59:59.999999999,bear_market,XRP,BTC
304,2025-02-03/2025-02-09,XRP/BTC,-0.0001795820251549799,0.0149676232099137,2025-02-03,2025-02-09 23:59:59.999999999,volatile_market,XRP,BTC
305,2025-02-10/2025-02-16,XRP/BTC,0.0010708481276667677,0.006303520788942897,2025-02-10,2025-02-16 23:59:59.999999999,bull_market,XRP,BTC
306,2025-02-17/2025-02-23,XRP/BTC,-0.00023682479800034398,0.005780631993621263,2025-02-17,2025-02-23 23:59:59.999999999,volatile_market,XRP,BTC
307,2025-02-24/2025-03-02,XRP/BTC,0.0003608724464602619,0.013680988728600857,2025-02-24,2025-03-02 23:59:59.999999999,bull_market,XRP,BTC
308,2025-03-03/2025-03-09,XRP/BTC,-0.00044089146188133955,0.010017373936356383,2025-03-03,2025-03-09 23:59:59.999999999,bear_market,XRP,BTC
309,2025-03-10/2025-03-16,XRP/BTC,0.0006075385422712987,0.0067109230646358,2025-03-10,2025-03-16 23:59:59.999999999,bull_market,XRP,BTC
310,2025-03-17/2025-03-23,XRP/BTC,0.0001460853117824216,0.00699633774449921,2025-03-17,2025-03-23 23:59:59.999999999,volatile_market,XRP,BTC
311,2025-03-24/2025-03-30,XRP/BTC,-0.0006857382330757734,0.004419399789626964,2025-03-24,2025-03-30 23:59:59.999999999,bear_market,XRP,BTC
312,2025-03-31/2025-04-06,XRP/BTC,1.3557391864921382e-05,0.006237694196114136,2025-03-31,2025-04-06 23:59:59.999999999,volatile_market,XRP,BTC
313,2025-04-07/2025-04-13,XRP/BTC,0.0005017400580843544,0.009562853299662957,2025-04-07,2025-04-13 23:59:59.999999999,bull_market,XRP,BTC
314,2025-04-14/2025-04-20,XRP/BTC,-0.00025382273230979197,0.0032507241663718434,2025-04-14,2025-04-20 23:59:59.999999999,calm_market,XRP,BTC
315,2025-04-21/2025-04-27,XRP/BTC,-0.00020686643918321144,0.004278553318177498,2025-04-21,2025-04-27 23:59:59.999999999,calm_market,XRP,BTC
316,2025-04-28/2025-05-04,XRP/BTC,-0.00044734665362914316,0.0035571594348281317,2025-04-28,2025-05-04 23:59:59.999999999,bear_market,XRP,BTC
317,2025-05-05/2025-05-11,XRP/BTC,-0.0006655968579128298,0.003104759550414074,2025-05-05,2025-05-11 23:59:59.999999999,bear_market,XRP,BTC
318,2024-05-06/2024-05-12,SOL/USDT,-0.0003161581091137052,0.009109821298079263,2024-05-06,2024-05-12 23:59:59.999999999,bear_market,SOL,USDT
319,2024-05-13/2024-05-19,SOL/USDT,0.0014177513551350443,0.008130371531227712,2024-05-13,2024-05-19 23:59:59.999999999,bull_market,SOL,USDT
320,2024-05-20/2024-05-26,SOL/USDT,-0.0006618582452814551,0.008553859471685457,2024-05-20,2024-05-26 23:59:59.999999999,bear_market,SOL,USDT
321,2024-05-27/2024-06-02,SOL/USDT,-0.00012515662348740812,0.005740636688044731,2024-05-27,2024-06-02 23:59:59.999999999,volatile_market,SOL,USDT
322,2024-06-03/2024-06-09,SOL/USDT,-0.0002840407754481485,0.005203197305384138,2024-06-03,2024-06-09 23:59:59.999999999,calm_market,SOL,USDT
323,2024-06-10/2024-06-16,SOL/USDT,-0.000628409951288607,0.007513672796133828,2024-06-10,2024-06-16 23:59:59.999999999,bear_market,SOL,USDT
324,2024-06-17/2024-06-23,SOL/USDT,-0.0005001936398426506,0.009156447466094847,2024-06-17,2024-06-23 23:59:59.999999999,bear_market,SOL,USDT
325,2024-06-24/2024-06-30,SOL/USDT,0.0006671332781609268,0.008665023075545874,2024-06-24,2024-06-30 23:59:59.999999999,bull_market,SOL,USDT
326,2024-07-01/2024-07-07,SOL/USDT,-0.0006537113965969147,0.010684645206743686,2024-07-01,2024-07-07 23:59:59.999999999,bear_market,SOL,USDT
327,2024-07-08/2024-07-14,SOL/USDT,0.0002075467540299343,0.008342617601037416,2024-07-08,2024-07-14 23:59:59.999999999,volatile_market,SOL,USDT
328,2024-07-15/2024-07-21,SOL/USDT,0.0008703568007520466,0.0077950556169385935,2024-07-15,2024-07-21 23:59:59.999999999,bull_market,SOL,USDT
329,2024-07-22/2024-07-28,SOL/USDT,0.00026936893055763065,0.008458990010735053,2024-07-22,2024-07-28 23:59:59.999999999,volatile_market,SOL,USDT
330,2024-07-29/2024-08-04,SOL/USDT,-0.0020604763367590684,0.010931753366975563,2024-07-29,2024-08-04 23:59:59.999999999,bear_market,SOL,USDT
331,2024-08-05/2024-08-11,SOL/USDT,0.0011107573883432863,0.016716467945770093,2024-08-05,2024-08-11 23:59:59.999999999,bull_market,SOL,USDT
332,2024-08-12/2024-08-18,SOL/USDT,-0.00021147851543368797,0.008648641852800456,2024-08-12,2024-08-18 23:59:59.999999999,volatile_market,SOL,USDT
333,2024-08-19/2024-08-25,SOL/USDT,0.0007445718021607789,0.00579681479244223,2024-08-19,2024-08-25 23:59:59.999999999,bull_market,SOL,USDT
334,2024-08-26/2024-09-01,SOL/USDT,-0.0012588617702716024,0.008306877160546598,2024-08-26,2024-09-01 23:59:59.999999999,bear_market,SOL,USDT
335,2024-09-02/2024-09-08,SOL/USDT,-0.00024101486684320714,0.008311173236293778,2024-09-02,2024-09-08 23:59:59.999999999,volatile_market,SOL,USDT
336,2024-09-09/2024-09-15,SOL/USDT,0.00025541258862766104,0.0060024248009342114,2024-09-09,2024-09-15 23:59:59.999999999,volatile_market,SOL,USDT
337,2024-09-16/2024-09-22,SOL/USDT,0.0009632821435786239,0.00726174088434902,2024-09-16,2024-09-22 23:59:59.999999999,bull_market,SOL,USDT
338,2024-09-23/2024-09-29,SOL/USDT,0.0006327836657812726,0.006264735729417727,2024-09-23,2024-09-29 23:59:59.999999999,bull_market,SOL,USDT
339,2024-09-30/2024-10-06,SOL/USDT,-0.0005736857164060558,0.007576620663820441,2024-09-30,2024-10-06 23:59:59.999999999,bear_market,SOL,USDT
340,2024-10-07/2024-10-13,SOL/USDT,8.016976563225965e-06,0.00581922888942373,2024-10-07,2024-10-13 23:59:59.999999999,volatile_market,SOL,USDT
341,2024-10-14/2024-10-20,SOL/USDT,0.0002050637308088913,0.007224860845259262,2024-10-14,2024-10-20 23:59:59.999999999,volatile_market,SOL,USDT
342,2024-10-21/2024-10-27,SOL/USDT,0.00026447227855995437,0.0074673087284417615,2024-10-21,2024-10-27 23:59:59.999999999,volatile_market,SOL,USDT
343,2024-10-28/2024-11-03,SOL/USDT,-0.0006938337205568838,0.006964026988102183,2024-10-28,2024-11-03 23:59:59.999999999,bear_market,SOL,USDT
344,2024-11-04/2024-11-10,SOL/USDT,0.0018004546638543857,0.009577605249925647,2024-11-04,2024-11-10 23:59:59.999999999,bull_market,SOL,USDT
345,2024-11-11/2024-11-17,SOL/USDT,0.0004114617200457312,0.011401920163745742,2024-11-11,2024-11-17 23:59:59.999999999,bull_market,SOL,USDT
346,2024-11-18/2024-11-24,SOL/USDT,0.0005146355887531493,0.008677789479043685,2024-11-18,2024-11-24 23:59:59.999999999,bull_market,SOL,USDT
347,2024-11-25/2024-12-01,SOL/USDT,-4.6582884054672847e-05,0.00746640493917867,2024-11-25,2024-12-01 23:59:59.999999999,volatile_market,SOL,USDT
348,2024-12-02/2024-12-08,SOL/USDT,0.0003582192151134643,0.009650208486916952,2024-12-02,2024-12-08 23:59:59.999999999,bull_market,SOL,USDT
349,2024-12-09/2024-12-15,SOL/USDT,-2.309189338257066e-05,0.009338499758662383,2024-12-09,2024-12-15 23:59:59.999999999,volatile_market,SOL,USDT
350,2024-12-16/2024-12-22,SOL/USDT,-0.0014618100334645551,0.01215546325555544,2024-12-16,2024-12-22 23:59:59.999999999,bear_market,SOL,USDT
351,2024-12-23/2024-12-29,SOL/USDT,8.440077921760626e-05,0.008136839005515482,2024-12-23,2024-12-29 23:59:59.999999999,volatile_market,SOL,USDT
352,2024-12-30/2025-01-05,SOL/USDT,0.000999017371836632,0.006873013175039034,2024-12-30,2025-01-05 23:59:59.999999999,bull_market,SOL,USDT
353,2025-01-06/2025-01-12,SOL/USDT,-0.0010622332069164368,0.007730837911151345,2025-01-06,2025-01-12 23:59:59.999999999,bear_market,SOL,USDT
354,2025-01-13/2025-01-19,SOL/USDT,0.002677224133869752,0.017302507773605005,2025-01-13,2025-01-19 23:59:59.999999999,bull_market,SOL,USDT
355,2025-01-20/2025-01-26,SOL/USDT,0.00022863833466929114,0.014254331044596898,2025-01-20,2025-01-26 23:59:59.999999999,volatile_market,SOL,USDT
356,2025-01-27/2025-02-02,SOL/USDT,-0.000534437489611821,0.010375897606088277,2025-01-27,2025-02-02 23:59:59.999999999,bear_market,SOL,USDT
357,2025-02-03/2025-02-09,SOL/USDT,-0.00028469689498232824,0.014089296869230689,2025-02-03,2025-02-09 23:59:59.999999999,volatile_market,SOL,USDT
358,2025-02-10/2025-02-16,SOL/USDT,-0.0002976144024043223,0.007158316705299501,2025-02-10,2025-02-16 23:59:59.999999999,volatile_market,SOL,USDT
359,2025-02-17/2025-02-23,SOL/USDT,-0.00023971704356894554,0.009368863947733438,2025-02-17,2025-02-23 23:59:59.999999999,volatile_market,SOL,USDT
360,2025-02-24/2025-03-02,SOL/USDT,-7.333371080516619e-06,0.017667312942090112,2025-02-24,2025-03-02 23:59:59.999999999,volatile_market,SOL,USDT
361,2025-03-03/2025-03-09,SOL/USDT,-0.0008028407829326649,0.014654107129289556,2025-03-03,2025-03-09 23:59:59.999999999,bear_market,SOL,USDT
362,2025-03-10/2025-03-16,SOL/USDT,0.0005368001545707914,0.010784383693142354,2025-03-10,2025-03-16 23:59:59.999999999,bull_market,SOL,USDT
363,2025-03-17/2025-03-23,SOL/USDT,0.00019924193081124792,0.00658974794804635,2025-03-17,2025-03-23 23:59:59.999999999,volatile_market,SOL,USDT
364,2025-03-24/2025-03-30,SOL/USDT,-0.0009582817116062889,0.007241257627459147,2025-03-24,2025-03-30 23:59:59.999999999,bear_market,SOL,USDT
365,2025-03-31/2025-04-06,SOL/USDT,-0.0006475742477846531,0.010506242355119846,2025-03-31,2025-04-06 23:59:59.999999999,bear_market,SOL,USDT
366,2025-04-07/2025-04-13,SOL/USDT,0.001569145650000012,0.014369939670184913,2025-04-07,2025-04-13 23:59:59.999999999,bull_market,SOL,USDT
367,2025-04-14/2025-04-20,SOL/USDT,0.00048369654182866514,0.008401947125401972,2025-04-14,2025-04-20 23:59:59.999999999,bull_market,SOL,USDT
368,2025-04-21/2025-04-27,SOL/USDT,0.00046684927824200753,0.0065149881419906104,2025-04-21,2025-04-27 23:59:59.999999999,bull_market,SOL,USDT
369,2025-04-28/2025-05-04,SOL/USDT,-4.826408990132236e-05,0.0059086847909433395,2025-04-28,2025-05-04 23:59:59.999999999,volatile_market,SOL,USDT
370,2025-05-05/2025-05-11,SOL/USDT,8.13492880114238e-06,0.006156633006261965,2025-05-05,2025-05-11 23:59:59.999999999,volatile_market,SOL,USDT
371,2024-05-06/2024-05-12,DOGE/BTC,-0.0004482935471887505,0.005685874529884832,2024-05-06,2024-05-12 23:59:59.999999999,bear_market,DOGE,BTC
372,2024-05-13/2024-05-19,DOGE/BTC,-0.000272608242304487,0.006738390493397416,2024-05-13,2024-05-19 23:59:59.999999999,volatile_market,DOGE,BTC
373,2024-05-20/2024-05-26,DOGE/BTC,0.00045573168456795833,0.010034210772797373,2024-05-20,2024-05-26 23:59:59.999999999,bull_market,DOGE,BTC
374,2024-05-27/2024-06-02,DOGE/BTC,-0.0003131936640922131,0.005333497530994129,2024-05-27,2024-06-02 23:59:59.999999999,bear_market,DOGE,BTC
375,2024-06-03/2024-06-09,DOGE/BTC,-0.0007133059744367897,0.005920292395427757,2024-06-03,2024-06-09 23:59:59.999999999,bear_market,DOGE,BTC
376,2024-06-10/2024-06-16,DOGE/BTC,-9.256997194739953e-05,0.005653101782740023,2024-06-10,2024-06-16 23:59:59.999999999,volatile_market,DOGE,BTC
377,2024-06-17/2024-06-23,DOGE/BTC,-3.689111806983018e-05,0.006958355812564817,2024-06-17,2024-06-23 23:59:59.999999999,volatile_market,DOGE,BTC
378,2024-06-24/2024-06-30,DOGE/BTC,0.00014903612153663299,0.005838767397520898,2024-06-24,2024-06-30 23:59:59.999999999,volatile_market,DOGE,BTC
379,2024-07-01/2024-07-07,DOGE/BTC,-0.00042523769788533754,0.00935953104267115,2024-07-01,2024-07-07 23:59:59.999999999,bear_market,DOGE,BTC
380,2024-07-08/2024-07-14,DOGE/BTC,-1.431561332485986e-05,0.005438825598501029,2024-07-08,2024-07-14 23:59:59.999999999,volatile_market,DOGE,BTC
381,2024-07-15/2024-07-21,DOGE/BTC,0.00018296812924220688,0.0074040886901807915,2024-07-15,2024-07-21 23:59:59.999999999,volatile_market,DOGE,BTC
382,2024-07-22/2024-07-28,DOGE/BTC,-0.00041696032535450036,0.0066379176962344825,2024-07-22,2024-07-28 23:59:59.999999999,bear_market,DOGE,BTC
383,2024-07-29/2024-08-04,DOGE/BTC,-0.0006225855342109339,0.005787236130780808,2024-07-29,2024-08-04 23:59:59.999999999,bear_market,DOGE,BTC
384,2024-08-05/2024-08-11,DOGE/BTC,5.577210155949754e-05,0.007842274460250041,2024-08-05,2024-08-11 23:59:59.999999999,volatile_market,DOGE,BTC
385,2024-08-12/2024-08-18,DOGE/BTC,-0.0002280397423013739,0.005173829027736208,2024-08-12,2024-08-18 23:59:59.999999999,calm_market,DOGE,BTC
386,2024-08-19/2024-08-25,DOGE/BTC,8.071579096937622e-05,0.0057219746167960096,2024-08-19,2024-08-25 23:59:59.999999999,volatile_market,DOGE,BTC
387,2024-08-26/2024-09-01,DOGE/BTC,9.47707866889833e-05,0.005209673204699266,2024-08-26,2024-09-01 23:59:59.999999999,volatile_market,DOGE,BTC
388,2024-09-02/2024-09-08,DOGE/BTC,0.0003728460453559097,0.005636854816802554,2024-09-02,2024-09-08 23:59:59.999999999,bull_market,DOGE,BTC
389,2024-09-09/2024-09-15,DOGE/BTC,-0.00012976461887817358,0.005535111771230408,2024-09-09,2024-09-15 23:59:59.999999999,volatile_market,DOGE,BTC
390,2024-09-16/2024-09-22,DOGE/BTC,-8.208745917369522e-05,0.005544150785716898,2024-09-16,2024-09-22 23:59:59.999999999,volatile_market,DOGE,BTC
391,2024-09-23/2024-09-29,DOGE/BTC,0.0010915981840146066,0.007670041458418812,2024-09-23,2024-09-29 23:59:59.999999999,bull_market,DOGE,BTC
392,2024-09-30/2024-10-06,DOGE/BTC,-0.00034458521721967157,0.006360557075987308,2024-09-30,2024-10-06 23:59:59.999999999,bear_market,DOGE,BTC
393,2024-10-07/2024-10-13,DOGE/BTC,6.528592094371331e-05,0.0057095338170311555,2024-10-07,2024-10-13 23:59:59.999999999,volatile_market,DOGE,BTC
394,2024-10-14/2024-10-20,DOGE/BTC,0.0013840032209549975,0.010558190720468888,2024-10-14,2024-10-20 23:59:59.999999999,bull_market,DOGE,BTC
395,2024-10-21/2024-10-27,DOGE/BTC,-0.00027439565396029106,0.007363836172735286,2024-10-21,2024-10-27 23:59:59.999999999,volatile_market,DOGE,BTC
396,2024-10-28/2024-11-03,DOGE/BTC,-6.852350293948366e-05,0.010576945616343463,2024-10-28,2024-11-03 23:59:59.999999999,volatile_market,DOGE,BTC
397,2024-11-04/2024-11-10,DOGE/BTC,0.0016748282700293935,0.016434273968961747,2024-11-04,2024-11-10 23:59:59.999999999,bull_market,DOGE,BTC
398,2024-11-11/2024-11-17,DOGE/BTC,0.00018241759555722144,0.020119538272169515,2024-11-11,2024-11-17 23:59:59.999999999,volatile_market,DOGE,BTC
399,2024-11-18/2024-11-24,DOGE/BTC,0.0004875970253847493,0.01202311595066515,2024-11-18,2024-11-24 23:59:59.999999999,bull_market,DOGE,BTC
400,2024-11-25/2024-12-01,DOGE/BTC,0.00031180371527199233,0.008915472587459995,2024-11-25,2024-12-01 23:59:59.999999999,bull_market,DOGE,BTC
401,2024-12-02/2024-12-08,DOGE/BTC,0.0003115921366755314,0.010964286562654009,2024-12-02,2024-12-08 23:59:59.999999999,bull_market,DOGE,BTC
402,2024-12-09/2024-12-15,DOGE/BTC,-0.0007102507733936791,0.009152673344401237,2024-12-09,2024-12-15 23:59:59.999999999,bear_market,DOGE,BTC
403,2024-12-16/2024-12-22,DOGE/BTC,-0.001230882959682615,0.012603126076242427,2024-12-16,2024-12-22 23:59:59.999999999,bear_market,DOGE,BTC
404,2024-12-23/2024-12-29,DOGE/BTC,2.62749458264594e-05,0.005465396806003197,2024-12-23,2024-12-29 23:59:59.999999999,volatile_market,DOGE,BTC
405,2024-12-30/2025-01-05,DOGE/BTC,0.0012095838402040099,0.0071249348376601,2024-12-30,2025-01-05 23:59:59.999999999,bull_market,DOGE,BTC
406,2025-01-06/2025-01-12,DOGE/BTC,-0.0005512551781918318,0.006809337138028191,2025-01-06,2025-01-12 23:59:59.999999999,bear_market,DOGE,BTC
407,2025-01-13/2025-01-19,DOGE/BTC,0.00043464826041761324,0.010758171096955246,2025-01-13,2025-01-19 23:59:59.999999999,bull_market,DOGE,BTC
408,2025-01-20/2025-01-26,DOGE/BTC,-0.0003308237985150188,0.010614888316904552,2025-01-20,2025-01-26 23:59:59.999999999,bear_market,DOGE,BTC
409,2025-01-27/2025-02-02,DOGE/BTC,-0.00048762821842593965,0.006934329342074601,2025-01-27,2025-02-02 23:59:59.999999999,bear_market,DOGE,BTC
410,2025-02-03/2025-02-09,DOGE/BTC,-0.00025585791915434217,0.01293542122667248,2025-02-03,2025-02-09 23:59:59.999999999,volatile_market,DOGE,BTC
411,2025-02-10/2025-02-16,DOGE/BTC,0.0005235858048581625,0.006685477287735599,2025-02-10,2025-02-16 23:59:59.999999999,bull_market,DOGE,BTC
412,2025-02-17/2025-02-23,DOGE/BTC,-0.0004798096109474431,0.006018594387396493,2025-02-17,2025-02-23 23:59:59.999999999,bear_market,DOGE,BTC
413,2025-02-24/2025-03-02,DOGE/BTC,0.00013551130529182944,0.008688991091963395,2025-02-24,2025-03-02 23:59:59.999999999,volatile_market,DOGE,BTC
414,2025-03-03/2025-03-09,DOGE/BTC,-0.0005031660504373003,0.007629428021356673,2025-03-03,2025-03-09 23:59:59.999999999,bear_market,DOGE,BTC
415,2025-03-10/2025-03-16,DOGE/BTC,0.00013202374592048645,0.008416874630606835,2025-03-10,2025-03-16 23:59:59.999999999,volatile_market,DOGE,BTC
416,2025-03-17/2025-03-23,DOGE/BTC,-0.00017938615430724512,0.005002280916598218,2025-03-17,2025-03-23 23:59:59.999999999,calm_market,DOGE,BTC
417,2025-03-24/2025-03-30,DOGE/BTC,-0.00016433581552528762,0.007476201422344473,2025-03-24,2025-03-30 23:59:59.999999999,volatile_market,DOGE,BTC
418,2025-03-31/2025-04-06,DOGE/BTC,-0.00012158560205162559,0.006289215492176022,2025-03-31,2025-04-06 23:59:59.999999999,volatile_market,DOGE,BTC
419,2025-04-07/2025-04-13,DOGE/BTC,0.00034734388438282913,0.008380341780265676,2025-04-07,2025-04-13 23:59:59.999999999,bull_market,DOGE,BTC
420,2025-04-14/2025-04-20,DOGE/BTC,-0.000209195498526546,0.00537079072649409,2025-04-14,2025-04-20 23:59:59.999999999,volatile_market,DOGE,BTC
421,2025-04-21/2025-04-27,DOGE/BTC,0.0003193704141466963,0.0072480496594711135,2025-04-21,2025-04-27 23:59:59.999999999,bull_market,DOGE,BTC
422,2025-04-28/2025-05-04,DOGE/BTC,-0.00019575098134551173,0.004880699151401822,2025-04-28,2025-05-04 23:59:59.999999999,calm_market,DOGE,BTC
423,2025-05-05/2025-05-11,DOGE/BTC,-0.0005735324056415545,0.005303796943178941,2025-05-05,2025-05-11 23:59:59.999999999,bear_market,DOGE,BTC
424,2024-05-06/2024-05-12,AVAX/ETH,-0.00031785719412240435,0.0048153716817767285,2024-05-06,2024-05-12 23:59:59.999999999,bear_market,AVAX,ETH
425,2024-05-13/2024-05-19,AVAX/ETH,0.0005202107929698047,0.005585965364790623,2024-05-13,2024-05-19 23:59:59.999999999,bull_market,AVAX,ETH
426,2024-05-20/2024-05-26,AVAX/ETH,-0.0010053505666475717,0.008114558133031996,2024-05-20,2024-05-26 23:59:59.999999999,bear_market,AVAX,ETH
427,2024-05-27/2024-06-02,AVAX/ETH,-0.00016891954977697906,0.004130924166835944,2024-05-27,2024-06-02 23:59:59.999999999,calm_market,AVAX,ETH
428,2024-06-03/2024-06-09,AVAX/ETH,-0.0004192075201119338,0.004981015589399833,2024-06-03,2024-06-09 23:59:59.999999999,bear_market,AVAX,ETH
429,2024-06-10/2024-06-16,AVAX/ETH,-0.0004530857988551096,0.005075044394796794,2024-06-10,2024-06-16 23:59:59.999999999,bear_market,AVAX,ETH
430,2024-06-17/2024-06-23,AVAX/ETH,-0.0005945466711916388,0.008899183333833886,2024-06-17,2024-06-23 23:59:59.999999999,bear_market,AVAX,ETH
431,2024-06-24/2024-06-30,AVAX/ETH,0.0009688700630841636,0.006368907488096366,2024-06-24,2024-06-30 23:59:59.999999999,bull_market,AVAX,ETH
432,2024-07-01/2024-07-07,AVAX/ETH,0.0002393558424067135,0.0072233579547238275,2024-07-01,2024-07-07 23:59:59.999999999,volatile_market,AVAX,ETH
433,2024-07-08/2024-07-14,AVAX/ETH,-0.0004226972272170627,0.005822493164178979,2024-07-08,2024-07-14 23:59:59.999999999,bear_market,AVAX,ETH
434,2024-07-15/2024-07-21,AVAX/ETH,0.00028437173488508487,0.0066425094096142605,2024-07-15,2024-07-21 23:59:59.999999999,volatile_market,AVAX,ETH
435,2024-07-22/2024-07-28,AVAX/ETH,-0.00037296218023438065,0.006487864454688617,2024-07-22,2024-07-28 23:59:59.999999999,bear_market,AVAX,ETH
436,2024-07-29/2024-08-04,AVAX/ETH,-0.00041461136428682993,0.005519987023271371,2024-07-29,2024-08-04 23:59:59.999999999,bear_market,AVAX,ETH
437,2024-08-05/2024-08-11,AVAX/ETH,-1.9266881480002307e-06,0.006434413575254954,2024-08-05,2024-08-11 23:59:59.999999999,volatile_market,AVAX,ETH
438,2024-08-12/2024-08-18,AVAX/ETH,-5.260681982207182e-05,0.0041170861434545215,2024-08-12,2024-08-18 23:59:59.999999999,calm_market,AVAX,ETH
439,2024-08-19/2024-08-25,AVAX/ETH,0.001483710075527916,0.008028936572162672,2024-08-19,2024-08-25 23:59:59.999999999,bull_market,AVAX,ETH
440,2024-08-26/2024-09-01,AVAX/ETH,-0.0006715337283885104,0.005541499233021044,2024-08-26,2024-09-01 23:59:59.999999999,bear_market,AVAX,ETH
441,2024-09-02/2024-09-08,AVAX/ETH,0.0007714473098933904,0.004950238488412268,2024-09-02,2024-09-08 23:59:59.999999999,bull_market,AVAX,ETH
442,2024-09-09/2024-09-15,AVAX/ETH,9.442681158639892e-05,0.004254680247499535,2024-09-09,2024-09-15 23:59:59.999999999,calm_market,AVAX,ETH
443,2024-09-16/2024-09-22,AVAX/ETH,0.00030825025178454497,0.006320872843932772,2024-09-16,2024-09-22 23:59:59.999999999,bull_market,AVAX,ETH
444,2024-09-23/2024-09-29,AVAX/ETH,0.00048380855331710585,0.005051203140867405,2024-09-23,2024-09-29 23:59:59.999999999,bull_market,AVAX,ETH
445,2024-09-30/2024-10-06,AVAX/ETH,3.091766620978498e-05,0.00520000787643162,2024-09-30,2024-10-06 23:59:59.999999999,calm_market,AVAX,ETH
446,2024-10-07/2024-10-13,AVAX/ETH,0.000489985570105981,0.005876587268025349,2024-10-07,2024-10-13 23:59:59.999999999,bull_market,AVAX,ETH
447,2024-10-14/2024-10-20,AVAX/ETH,-0.0004782119534013264,0.004819502385682142,2024-10-14,2024-10-20 23:59:59.999999999,bear_market,AVAX,ETH
448,2024-10-21/2024-10-27,AVAX/ETH,-0.0001572902737807321,0.003785189633799557,2024-10-21,2024-10-27 23:59:59.999999999,calm_market,AVAX,ETH
449,2024-10-28/2024-11-03,AVAX/ETH,-0.00042909997190531844,0.003912214897155469,2024-10-28,2024-11-03 23:59:59.999999999,bear_market,AVAX,ETH
450,2024-11-04/2024-11-10,AVAX/ETH,0.00012312370948617247,0.007594341835232404,2024-11-04,2024-11-10 23:59:59.999999999,volatile_market,AVAX,ETH
451,2024-11-11/2024-11-17,AVAX/ETH,0.0007271380370026686,0.009976278525876736,2024-11-11,2024-11-17 23:59:59.999999999,bull_market,AVAX,ETH
452,2024-11-18/2024-11-24,AVAX/ETH,0.0007737329798963167,0.01000608861632882,2024-11-18,2024-11-24 23:59:59.999999999,bull_market,AVAX,ETH
453,2024-11-25/2024-12-01,AVAX/ETH,-0.00023198508799816877,0.010212873034402882,2024-11-25,2024-12-01 23:59:59.999999999,volatile_market,AVAX,ETH
454,2024-12-02/2024-12-08,AVAX/ETH,-0.00038854633406181855,0.011270973319667036,2024-12-02,2024-12-08 23:59:59.999999999,bear_market,AVAX,ETH
455,2024-12-09/2024-12-15,AVAX/ETH,0.0003645797700138797,0.009887501455569611,2024-12-09,2024-12-15 23:59:59.999999999,bull_market,AVAX,ETH
456,2024-12-16/2024-12-22,AVAX/ETH,-0.0008129008308098694,0.007932237404271618,2024-12-16,2024-12-22 23:59:59.999999999,bear_market,AVAX,ETH
457,2024-12-23/2024-12-29,AVAX/ETH,-0.00030525559446438624,0.005629066833382217,2024-12-23,2024-12-29 23:59:59.999999999,volatile_market,AVAX,ETH
458,2024-12-30/2025-01-05,AVAX/ETH,0.0007080012798040512,0.005998177071348136,2024-12-30,2025-01-05 23:59:59.999999999,bull_market,AVAX,ETH
459,2025-01-06/2025-01-12,AVAX/ETH,-0.00043513990141858547,0.0052242325088395405,2025-01-06,2025-01-12 23:59:59.999999999,bear_market,AVAX,ETH
460,2025-01-13/2025-01-19,AVAX/ETH,0.0004331860070807794,0.0064528131649612035,2025-01-13,2025-01-19 23:59:59.999999999,bull_market,AVAX,ETH
461,2025-01-20/2025-01-26,AVAX/ETH,-3.692014230304635e-05,0.006195585153884847,2025-01-20,2025-01-26 23:59:59.999999999,volatile_market,AVAX,ETH
462,2025-01-27/2025-02-02,AVAX/ETH,-0.0004962745084071087,0.005830995947698331,2025-01-27,2025-02-02 23:59:59.999999999,bear_market,AVAX,ETH
463,2025-02-03/2025-02-09,AVAX/ETH,-0.000345367594332512,0.0076045563947022355,2025-02-03,2025-02-09 23:59:59.999999999,bear_market,AVAX,ETH
464,2025-02-10/2025-02-16,AVAX/ETH,-0.0001429440202992649,0.004823364983281669,2025-02-10,2025-02-16 23:59:59.999999999,calm_market,AVAX,ETH
465,2025-02-17/2025-02-23,AVAX/ETH,8.748266737715862e-05,0.006021038276433036,2025-02-17,2025-02-23 23:59:59.999999999,volatile_market,AVAX,ETH
466,2025-02-24/2025-03-02,AVAX/ETH,0.0009799449145626309,0.006514266641311899,2025-02-24,2025-03-02 23:59:59.999999999,bull_market,AVAX,ETH
467,2025-03-03/2025-03-09,AVAX/ETH,-0.00044724143232297865,0.007231530187585297,2025-03-03,2025-03-09 23:59:59.999999999,bear_market,AVAX,ETH
468,2025-03-10/2025-03-16,AVAX/ETH,0.0007733191757489611,0.007988433356559452,2025-03-10,2025-03-16 23:59:59.999999999,bull_market,AVAX,ETH
469,2025-03-17/2025-03-23,AVAX/ETH,-3.193869625919517e-05,0.005253102967822368,2025-03-17,2025-03-23 23:59:59.999999999,volatile_market,AVAX,ETH
470,2025-03-24/2025-03-30,AVAX/ETH,7.055355667998714e-05,0.0059314874964414245,2025-03-24,2025-03-30 23:59:59.999999999,volatile_market,AVAX,ETH
471,2025-03-31/2025-04-06,AVAX/ETH,-0.0003368507908138175,0.0054261566050221414,2025-03-31,2025-04-06 23:59:59.999999999,bear_market,AVAX,ETH
472,2025-04-07/2025-04-13,AVAX/ETH,0.0012010122486128016,0.00820651223137549,2025-04-07,2025-04-13 23:59:59.999999999,bull_market,AVAX,ETH
473,2025-04-14/2025-04-20,AVAX/ETH,3.5425710287305135e-05,0.0042131114684098156,2025-04-14,2025-04-20 23:59:59.999999999,calm_market,AVAX,ETH
474,2025-04-21/2025-04-27,AVAX/ETH,-0.00015493023338744523,0.005002032306535539,2025-04-21,2025-04-27 23:59:59.999999999,calm_market,AVAX,ETH
475,2025-04-28/2025-05-04,AVAX/ETH,-0.0006744135567276871,0.004339483478827574,2025-04-28,2025-05-04 23:59:59.999999999,bear_market,AVAX,ETH
476,2025-05-05/2025-05-11,AVAX/ETH,-1.355905264501465e-05,0.004520695468494916,2025-05-05,2025-05-11 23:59:59.999999999,calm_market,AVAX,ETH
